id,module,name,type,stage,stage_name,gb_principle,citation_text,reg_ids,ds_ids,open_oversight_rec,analytics_technique,applies_to,dmepos,trigger,owner,system_touchpoint,evidence_artifact,frequency,failure_mode
PE-01,Module 01 — Provider Enrollment,Primary-source verification of all enrollment data before approval,Preventive,3,Enrollment,"P8, P10, P12",42 CFR 424 Subpart P; CMS PIM Pub 100-08 Ch.10,REG-041,DS-07,,Manual / none,Enrolling providers & suppliers (Medicare/Medicaid); DMEPOS where noted,no,New/revalidation application received,Enrollment specialist,PECOS / credentialing system,Verification log per data element,Per app,Fabricated identity/credential enrollment
PE-02,Module 01 — Provider Enrollment,PECOS/enrollment-of-record data reconciliation cycle,Detective,3,Enrollment,"P8, P10, P12",OIG OEI-03-13-00050 (Enhanced Enrollment Screening of Medicare Providers); GAO-25-106976 (2025) - interstate enrollment data-matching (PARIS) (open rec),REG-050; REG-062; REG-074,DS-07,Yes,Data qa,Enrolling providers & suppliers (Medicare/Medicaid); DMEPOS where noted,no,Quarterly data-quality run,Enrollment data steward,PECOS extract + QA tool,Reconciliation exception report,Quarterly,Stale/inaccurate record enabling fraud
PE-03,Module 01 — Provider Enrollment,"Full beneficial-ownership capture (5%+ owners, managing employees, officials)",Preventive,3,Enrollment,"P8, P10, P12",42 CFR 424 Subpart P; 42 CFR 424.516,REG-017,DS-16,,Manual / none,Enrolling providers & suppliers (Medicare/Medicaid); DMEPOS where noted,no,Application & any ownership change,Enrollment specialist,855 / ownership module,Completed ownership schedule | Corroborate vs CMS/state disclosure + SOS/SAM (FinCEN BOI retired 2026-08-14) — self-report = ceiling 2 unless registry-matched.,Per app/change,Hidden ownership / straw owners
PE-04,Module 01 — Provider Enrollment,Owner reconciliation vs. record + OIG/SAM/adverse databases,Preventive,3,Enrollment,"P8, P10, P12",42 CFR 455 Subpart E / 455.436; OIG 2016 - Medicare Vulnerabilities: Provider Enrollment & Ownership Disclosure,,DS-02; DS-16,,Matching,Enrolling providers & suppliers (Medicare/Medicaid); DMEPOS where noted,no,Before enrollment approval,PI analyst,Screening engine,Owner-match exception resolution | Corroborate vs SAM.gov (DS-02) + SOS registry; FinCEN BOI retired 2026-08-14.,Per app,Excluded/adverse owner slips through (OIG 3/4 mismatch)
PE-05,Module 01 — Provider Enrollment,Beneficial-ownership network/graph analysis,Detective,3,Enrollment,"P8, P10, P12",DOJ 2025 Operation Gold Rush; Program Integrity Alliance - Transparency by Design (company registry / single identifier),,DS-06,,Graph/network,Enrolling providers & suppliers (Medicare/Medicaid); DMEPOS where noted,no,Application + monthly portfolio scan,PI data analyst,Graph analytics platform,Network-link alert disposition,Monthly,Shell-company rings (Gold Rush)
PE-06,Module 01 — Provider Enrollment,30-day ownership-change enforcement & unreported-change detection,Detective,8,Corrective action,"P17, P15",42 CFR 424.516; OIG (2025) - EFT payment-diversion fraud (open rec),REG-017,DS-07,Yes,External data,Enrolling providers & suppliers (Medicare/Medicaid); DMEPOS where noted,no,Any ownership/control-change event + monthly external-feed reconciliation vs PECOS-of-record,Enrollment ops,PECOS + external data feed,Change-report tracking log,Continuous,Undisclosed control changes
PE-07,Module 01 — Provider Enrollment,Exclusion screening at enrollment (LEIE + SAM),Preventive,3,Enrollment,"P8, P10, P12",OIG Compliance Program Guidance (2023),,DS-01; DS-02,,Matching,Enrolling providers & suppliers (Medicare/Medicaid); DMEPOS where noted,no,"At onboarding / pre-enrollment, before approval",Enrollment specialist,Exclusion-screening tool,Dated LEIE file version + SAM check + party snapshot screened + match output (retain 'no matches' result); retain >=6 yrs,At onboarding / pre-enrollment (point-in-time),Excluded provider enrollment
PE-08,Module 01 — Provider Enrollment,Monthly automated exclusion re-screening of active providers,Detective,3,Enrollment,"P8, P10, P12",OIG Compliance Program Guidance (2023),,,,Matching,Enrolling providers & suppliers (Medicare/Medicaid); DMEPOS where noted | Monthly re-screen (PE-08) applies where an active-provider roster is maintained (Entity Profile B16=Y); at-enrollment screening (PE-07) is universal.,no,"Monthly, aligned to OIG LEIE release (~10th)",Compliance/PI,Exclusion-screening tool,Dated LEIE file version used + active-roster snapshot screened + match output (retain 'no matches' result); confirmed matches remediated <=5 business days; retain >=6 yrs,"Monthly, aligned to OIG LEIE release (~10th; file covers actions through prior month)",Post-enrollment exclusion not caught
PE-09,Module 01 — Provider Enrollment,State Medicaid exclusion / NPDB / death-master checks,Preventive,3,Enrollment,"P8, P10, P12",42 CFR 455 Subpart E / 455.436; OIG OEI-05-13-00520 (Medicaid Enhanced Provider Screenings),REG-076,,,Matching,Enrolling providers & suppliers (Medicare/Medicaid); DMEPOS where noted,no,Enrollment + periodic,PI analyst,Multi-source screening,Multi-list screening log,Per app + periodic,Cross-program excluded actors
PE-10,Module 01 — Provider Enrollment,Risk-level assignment per documented methodology,Preventive,3,Enrollment,"P8, P10, P12",42 CFR 424 Subpart P; 42 CFR 424.518,REG-018,,,Manual / none,Enrolling providers & suppliers (Medicare/Medicaid); DMEPOS where noted,no,Each application,Enrollment supervisor,Enrollment workflow,Risk-tier determination record,Per app,Under-screening high-risk types
PE-11,Module 01 — Provider Enrollment,Unannounced site visits for Moderate/High-risk providers,Preventive,3,Enrollment,"P8, P10, P12",42 CFR 424 Subpart P; 42 CFR 424.518,REG-018,,,Manual / none,Enrolling providers & suppliers (Medicare/Medicaid); DMEPOS where noted,no,Risk tier >= Moderate,Site-visit contractor,Site-visit system,Site-visit report + photos,Per app + cyclic,Phantom/virtual storefront suppliers
PE-12,Module 01 — Provider Enrollment,Site-visit / decision reconciliation control,Detective,3,Enrollment,"P8, P10, P12",OIG OEI-03-13-00050 (Enhanced Enrollment Screening of Medicare Providers),REG-074,,,Manual / none,Enrolling providers & suppliers (Medicare/Medicaid); DMEPOS where noted,no,After each site visit,Enrollment supervisor,Enrollment workflow,Decision-vs-finding reconciliation,Per visit,Approval despite adverse site visit (OIG)
PE-13,Module 01 — Provider Enrollment,"Fingerprint-based background checks (5%+ owners, High-risk)",Preventive,3,Enrollment,"P8, P10, P12",42 CFR 424.518,REG-018,,,Manual / none,Enrolling providers & suppliers (Medicare/Medicaid); DMEPOS where noted,no,High-risk enrollment,PI / fingerprint vendor,FBI/contractor system,Fingerprint clearance record,Per app,Criminal actors owning High-risk suppliers
PE-14,Module 01 — Provider Enrollment,Revalidation cycle enforcement + auto-deactivation,Detective,8,Corrective action,"P17, P15",42 CFR 424 Subpart P; CMS PIM Pub 100-08 Ch.10,REG-041,DS-07,,Cycle tracking,Enrolling providers & suppliers (Medicare/Medicaid); DMEPOS where noted,no,5-yr (3-yr DMEPOS) cycle,Enrollment ops,PECOS revalidation queue,Revalidation status report,Per cycle,Dormant/abandoned billing numbers misused
PE-15,Module 01 — Provider Enrollment,New-provider billing-velocity watch (first 60-90 days),Detective,3,Enrollment,"P8, P10, P12",DOJ 2025 Operation Gold Rush; Program Integrity Alliance - Value-for-Money in Anti-Fraud Efforts,,,,Velocity,Enrolling providers & suppliers (Medicare/Medicaid); DMEPOS where noted,no,Enrollment effective date,PI data analyst,Claims analytics,Velocity-alert disposition,Continuous,Rapid bust-out billing post-enrollment
PE-16,Module 01 — Provider Enrollment,Acquisition-velocity flag (owner acquiring many numbers fast),Detective,3,Enrollment,"P8, P10, P12",DOJ 2025 Operation Gold Rush; Program Integrity Alliance - Value-for-Money in Anti-Fraud Efforts,,DS-16,,Velocity/graph,Enrolling providers & suppliers (Medicare/Medicaid); DMEPOS where noted,no,Ongoing portfolio scan,PI data analyst,Graph + enrollment analytics,Acquisition-velocity alert | Ownership corroboration via SOS/SAM + CMS disclosure; FinCEN BOI retired 2026-08-14.,Monthly,Mass acquisition of suppliers (Gold Rush)
PE-17,Module 01 — Provider Enrollment,DMEPOS surety bond & accreditation verification,Preventive,3,Enrollment,"P8, P10, P12","42 CFR 424.57(c),(d) — DMEPOS supplier standards, accreditation & $50,000 surety bond; SSA §1834(a)(16)",,,,Manual / none,Enrolling providers & suppliers (Medicare/Medicaid); DMEPOS where noted — DMEPOS-specific,yes,DMEPOS enrollment/revalidation,Enrollment specialist,NSC / accreditation data,Bond + accreditation on file,Per app/cycle,Unaccountable DMEPOS suppliers
PE-18,Module 01 — Provider Enrollment,CAQH ProView primary-source verification & 120-day re-attestation,Preventive,3,Enrollment,"P8, P10, P12",CAQH ProView / NCQA credentialing,,,,Manual / none,Enrolling providers & suppliers (Medicare/Medicaid); DMEPOS where noted,no,Credentialing & re-attestation,Credentialing team,CAQH ProView,Attestation/PSV record,Per app + 120 days,Stale credentialing data (payer networks)
PE-19,Module 01 — Provider Enrollment,Enrollment governance: documented roles & segregation of duties,Preventive,1,Governance,"P1, P2, P3 (Control Environment)",GAO Green Book 2025 Principles 3 & 10 (authority/responsibility; control activities incl. segregation of duties); 42 CFR part 424 subpart P (Medicare enrollment),,,,Manual / none,Enrolling providers & suppliers (Medicare/Medicaid); DMEPOS where noted,no,Program design / annual review,Compliance officer,Policy repository,SoD matrix + approval policy,Annual,Single-point approval abuse
PI-01,Module 02 — Program Integrity,Routine claims-aberrancy analytics (peer-outlier / statistical),Detective,7,Monitoring,"P16, P11",42 CFR 455 Subpart A (Medicaid PI); CMS PIM Pub 100-08 Ch.2 (Data Analysis),REG-041,DS-12,,Peer/statistical,Payers/plans/PI-SIU units; providers (self-audit),no,Scheduled analytics run,PI data analyst,Claims/encounter analytics,Outlier-alert disposition log,Monthly,Undetected aberrant billing
PI-02,Module 02 — Program Integrity,Provider risk-scoring & review-prioritization model,Detective,7,Monitoring,"P16, P11",CMS PIM Pub 100-08 Ch.2 (Data Analysis),REG-041,,,Risk scoring,Payers/plans/PI-SIU units; providers (self-audit),no,Portfolio scoring cycle,PI data analyst,Risk-scoring engine,Risk-ranked review queue,Monthly,Mis-targeted review effort
PI-03,Module 02 — Program Integrity,Multi-source link analysis (claims+enrollment+encounter+external),Detective,7,Monitoring,"P16, P11",CMS PIM Pub 100-08 Ch.2 (Data Analysis),REG-041,,,Link analysis,Payers/plans/PI-SIU units; providers (self-audit),no,Scheme-detection scan,PI data analyst,Integrated data platform,Network-link alert disposition,Monthly,Cross-provider schemes missed
PI-04,Module 02 — Program Integrity,Prepayment medical-review edits on high-risk codes/services,Preventive,6,Payment,"P10, P11","OIG A-09 Molecular Pathology Genetic Test (2023, OPEN rec); OIG Definitive Drug Testing G0483 (2023, OPEN rec)",,,Yes,Edit logic,Payers/plans/PI-SIU units; providers (self-audit),no,Claim hits edit logic,Medical-review / SIU,Claims adjudication edits,Edit-hit & denial report,Continuous,Improper payment before any recovery
PI-05,Module 02 — Program Integrity,Post-payment medical review w/ valid sampling & extrapolation,Detective,7,Monitoring,"P16, P11",CMS PIM Pub 100-08 Ch.3 (Verifying Errors & Corrective Actions); CMS PIM Pub 100-08 Ch.8 (Administrative Actions / Sampling),REG-041,,,Statistical sampling,Payers/plans/PI-SIU units; providers (self-audit),no,Targeted review project,Medical-review nurse/MD,MR case system,Sampling plan + extrapolation memo,Per project,"Unsupported claims paid, weak recovery basis"
PI-06,Module 02 — Program Integrity,Medical review for benefit integrity (suspected-fraud) workflow,Detective,7,Monitoring,"P16, P11",CMS PIM Pub 100-08 Ch.4 (Benefit Integrity); PIM Sec.1.8 - Medical Review for Benefit Integrity,REG-041,,,Manual / none,Payers/plans/PI-SIU units; providers (self-audit),no,Fraud lead/referral,Benefit-integrity unit,BI case system,MR-for-BI case file,Per case,Fraud not developed for action/referral
PI-07,Module 02 — Program Integrity,60-day self-identified overpayment report-&-return workflow,Preventive,8,Corrective action,"P17, P15",42 CFR 401.305 + SSA 1128J(d) (60-day rule),REG-002,,,Aging tracking,Payers/plans/PI-SIU units; providers (self-audit),no,Overpayment identified,Compliance / billing,Overpayment tracking system,Refund + 60-day timestamp,Per event,Retained overpayment becomes FCA exposure
PI-08,Module 02 — Program Integrity,Proactive self-audit program (quantify & return before audit),Detective,7,Monitoring,"P16, P11",42 CFR 401.305 + SSA 1128J(d) (60-day rule),REG-002,,,Sampling,Payers/plans/PI-SIU units; providers (self-audit),no,Self-audit schedule,Compliance / internal audit,Self-audit workpapers,Self-audit report + repayment,Quarterly,Provider exposure at UPIC/RAC review
PI-09,Module 02 — Program Integrity,Overpayment recovery tracking vs reopening / RAC look-back,Detective,8,Corrective action,"P17, P15",CMS PIM Pub 100-08 Ch.8 (Administrative Actions / Sampling); 42 CFR 405.980 (reopening) / SSA 1893(h) (RAC),REG-004; REG-041,,,Aging tracking,Payers/plans/PI-SIU units; providers (self-audit),no,Recovery case opened,PI recovery analyst,Recovery/AR system,Recovery aging report,Continuous,Missed/time-barred recoveries
PI-10,Module 02 — Program Integrity,Root-cause corrective-action workflow (beyond recoupment),Corrective,8,Corrective action,"P17, P15","CMS PIM Pub 100-08 Ch.3 (Verifying Errors & Corrective Actions); GAO-19-277 (2019, OPEN rec)",REG-041; REG-056,,Yes,Manual / none,Payers/plans/PI-SIU units; providers (self-audit),no,Confirmed error/finding,PI / compliance,CAPA tracker,Root-cause CAPA record,Per finding,Repeat errors; recurring improper payments
PI-11,Module 02 — Program Integrity,Corrective-action effectiveness re-measurement (loop closure),Detective,8,Corrective action,"P17, P15","GAO-19-277 (2019, OPEN rec)",REG-056,,Yes,Trend,Payers/plans/PI-SIU units; providers (self-audit),no,Post-CAPA interval,PI / compliance,CAPA tracker + analytics,Re-measurement / trend report,Quarterly,Ineffective fixes left in place
PI-12,Module 02 — Program Integrity,Provider education & error-trend feedback,Preventive,7,Monitoring,"P16, P11",CMS PIM Pub 100-08 Ch.3 (Verifying Errors & Corrective Actions); CMS CERT Program,REG-041,,,Manual / none,Payers/plans/PI-SIU units; providers (self-audit),no,Error trend identified,Provider education,Education/outreach log,Education notice + acknowledgment,Quarterly,Recurring billing errors
PI-13,Module 02 — Program Integrity,Contractor ADR-response tracking (UPIC/RAC/CERT/MAC),Preventive,7,Monitoring,"P16, P11",CMS PIM Pub 100-08 Ch.3 (Verifying Errors & Corrective Actions); 42 CFR 405.980 (reopening) / SSA 1893(h) (RAC),REG-004; REG-041,,,Manual / none,Payers/plans/PI-SIU units; providers (self-audit),no,ADR letter received,Compliance / HIM,ADR tracking system,ADR response + timeliness log,Per ADR,Default denials from missed deadlines
PI-14,Module 02 — Program Integrity,Suspected-fraud referral to OIG/MFCU/law enforcement,Detective,8,Corrective action,"P17, P15",42 CFR 455 Subpart A (Medicaid PI); CMS PIM Pub 100-08 Ch.4 (Benefit Integrity),REG-041,,,Manual / none,Payers/plans/PI-SIU units; providers (self-audit),no,Credible fraud indicator,SIU / compliance officer,Referral case system,Referral package + log,Per case,Fraud unreferred; mandatory-referral breach
PI-15,Module 02 — Program Integrity,Cross-contractor audit coordination & de-duplication,Preventive,7,Monitoring,"P16, P11","42 CFR 455 Subpart F (Medicaid RAC); GAO-23-106025 (2023, OPEN rec)",REG-060,,Yes,Manual / none,Payers/plans/PI-SIU units; providers (self-audit),no,Overlapping audit detected,PI coordinator,Audit-tracking register,Coordination/de-dup log,Continuous,Duplicate/conflicting reviews; provider burden
PI-16,Module 02 — Program Integrity,Payment suspension on credible allegation of fraud,Preventive,8,Corrective action,"P17, P15",42 CFR 455.23 (Medicaid payment suspension); 42 CFR 405.371 (Medicare payment suspension),REG-003; REG-025,,,Manual / none,Payers/plans/PI-SIU units; providers (self-audit),no,Credible-allegation determination,SIU / payment integrity,Payment-suspension system,Suspension determination memo,Per case,Continued payment during active fraud
PI-17,Module 02 — Program Integrity,Medicaid third-party-liability cost-avoidance & recovery,Preventive,8,Corrective action,"P17, P15","42 CFR 433.135-139 (Medicaid TPL); OIG Medicaid Third-Party Liability (2023, OPEN rec)",REG-020,,Yes,Coverage matching,Payers/plans/PI-SIU units; providers (self-audit),no,Claim w/ other coverage,TPL unit,TPL / eligibility match,TPL cost-avoidance report,Continuous,Medicaid pays where another payer liable
PI-18,Module 02 — Program Integrity,"PI/SIU governance: roles, SoD & independence from payment",Preventive,1,Governance,"P1, P2, P3 (Control Environment)",GAO Green Book 2025 (Standards for Internal Control),,,,Manual / none,Payers/plans/PI-SIU units; providers (self-audit),no,Program design / annual review,Compliance officer,Policy repository,SoD matrix + PI charter,Annual,Conflicted/under-authorized PI function
PI-19,Module 02 — Program Integrity,"PI performance reporting (recovery ROI, prevention metrics)",Detective,8,Corrective action,"P17, P15",Program Integrity Alliance - Value-for-Money in Anti-Fraud; GAO Green Book 2025 (Standards for Internal Control),,,,Metrics,Payers/plans/PI-SIU units; providers (self-audit),no,Reporting cycle,PI program lead,PI dashboard/BI,Governance metrics report,Quarterly,No oversight of PI effectiveness
PI-20,Module 02 — Program Integrity,"Provider NPI/credential-footprint consistency monitoring — flag claims where a billing NPI's service location, billing TIN, or claim geography is inconsistent with the provider's enrollment/known practice footprint",Detective,6,Payment,"P10, P16",42 CFR 455 Subpart A (Medicaid Agency Fraud Detection & Investigation Program) incl. §455.23 (payment suspension on credible fraud allegation); §455 Subpart E (provider screening),,DS-06; DS-07; DS-13,,Footprint/geo consistency analytics,"Payers, SIU & program-integrity units (claims-paying)",no,"Claim NPI billed from a location/entity/geography inconsistent with enrollment address, historical claims geography, or self-attested current employer",SIU / PI data analyst,Claims + enrollment (PECOS/MMIS) join,Footprint-inconsistency alert log + dispositions,Continuous / near-real-time,Legitimately-enrolled NPI billed by an unrelated party for services the named provider never rendered (SC Operation Border War 2025 pattern)
PI-21,Module 02 — Program Integrity,Beneficiary-side integrity analytics — detect recruiter-clustered enrollment and staff-roster / member-roll identity overlap (employee/owner appearing as a recipient of their own entity's services),Detective,7,Monitoring,"P16, P11",42 CFR 455 Subpart A (Medicaid fraud detection/investigation); 42 USC 1320a-7b(b) (Anti-Kickback Statute — beneficiary inducement),,DS-13; DS-16,,Clustering + identity-overlap analytics,"Payers, SIU & program-integrity units",no,Recipient enrollment clustered by recruiter; or staff/owner identity appearing on the member roll as a service recipient,SIU / PI data analyst,Enrollment + claims + HR roster join,Recruiter-cluster + roster-overlap exception report + dispositions,Monthly,Beneficiary as paid participant - cash-bribe enrollment / employee-as-recipient (Zhu SADC 2026; Irving NEMT 2026 patterns)
PI-22,Module 02 — Program Integrity,Entity-network cash-loop detection — follow-the-money analytics flagging entity clusters that recycle claim proceeds into cash used to induce recipients/providers (layered inter-entity transfers),Detective,7,Monitoring,"P16, P11",42 USC 1320a-7b(b) (Anti-Kickback Statute); 18 USC 1956 (laundering of monetary instruments),,DS-13; DS-16,,Entity-network / money-flow analytics,"Payers, SIU & financial-analytics units",no,Provider/payee network with circular or layered inter-entity transfers inconsistent with legitimate operations,SIU / financial analytics,Claims + payment + ownership/entity data,Entity-network transfer-pattern alert + dispositions,Quarterly,Laundering entities converting claim proceeds into bribe cash (Zhu SADC self-funding loop 2026)
PI-23,Module 02 — Program Integrity,MSO/investment-disguised kickback detection — cross-reference referral volume against ownership/Open Payments and MSO 'investment distribution' patterns to surface referral inducements structured as investment returns,Detective,7,Monitoring,"P16, P11",42 USC 1320a-7b(b) (Anti-Kickback Statute); 42 CFR 403 Subpart I (Open Payments; SSA §1128G / 42 USC 1320a-7h),,DS-09; DS-13; DS-16,,Open Payments / ownership correlation,"Payers, SIU & program-integrity units",no,Physician/investor referral volume correlated with MSO investment distributions or ownership stakes,SIU / PI data analyst,Claims + Open Payments + ownership-disclosure data,MSO-distribution vs referral-volume correlation report,Annual / on-trigger,"Kickbacks disguised as MSO investment returns, invisible in transaction-level views (Boston Heart >$61M since 2019)"
CB-01,Module 03 — Coding & Billing Integrity,Certified-coder assignment & coding-to-documentation policy,Preventive,6,Payment,"P10, P11",45 CFR 162.1002 (HIPAA code set standards); 42 CFR 424.5 (conditions for Medicare payment),REG-016,,,Manual / none,"Providers, billing entities & payers",no,Every claim coded,HIM / coding manager,Encoder / EHR coding module,Coding policy + coder credential file,Continuous,Up-coding to maximize reimbursement
CB-02,Module 03 — Coding & Billing Integrity,Annual code-set update governance (HCPCS/CPT/ICD-10),Preventive,1,Governance,"P1, P2, P3 (Control Environment)",45 CFR 162.1002 (HIPAA code set standards),,,,Manual / none,"Providers, billing entities & payers",no,Annual code-set release,Coding compliance lead,Encoder / chargemaster,Code-set update change log,Annual,Billing with retired/invalid codes
CB-03,Module 03 — Coding & Billing Integrity,E&M level validation vs 2021 MDM/time; peer-benchmark for upcoding,Detective,6,Payment,"P10, P11",CMS Evaluation & Management (2021 guidelines); Program Integrity Alliance - GovQuery / PIA Connect (MCP),,,,Peer benchmarking,"Providers, billing entities & payers",no,Claim submission + monthly scan,Coding auditor / PI analyst,Claims analytics,E&M distribution / outlier report,Monthly,Systematic E&M upcoding (levels 4-5)
CB-04,Module 03 — Coding & Billing Integrity,NCCI PTP edit enforcement pre-submission,Preventive,8,Corrective action,"P17, P15",CMS National Correct Coding Initiative (NCCI) - PTP edits & Policy Manual; Program Integrity Alliance - Value-for-Money in Anti-Fraud,REG-047,DS-10,,Ptp edits,"Providers, billing entities & payers",no,Each claim with a code pair,Billing system owner,Claim scrubber / edit engine,PTP edit hit / disposition log,Per claim,Payment for improperly bundled code pairs
CB-05,Module 03 — Coding & Billing Integrity,Modifier-59 / X{EPSU} governance & documentation review,Detective,1,Governance,"P1, P2, P3 (Control Environment)",CMS National Correct Coding Initiative (NCCI) - PTP edits & Policy Manual,REG-047,,,Modifier analytics,"Providers, billing entities & payers",no,Modifier appended to bypass an edit,Coding auditor,Claim edit engine,Modifier-use audit sample,Monthly,Modifier abuse to defeat PTP edits
CB-06,Module 03 — Coding & Billing Integrity,Medicaid NCCI six-methodology implementation,Preventive,6,Payment,"P10, P11",CMS Medicaid NCCI (six methodologies),REG-045,DS-10,,Edits,"Providers, billing entities & payers",no,Quarterly Medicaid NCCI edit files,Medicaid MES / fiscal agent,Medicaid claims (MES),NCCI methodology attestation,Quarterly,Unedited Medicaid claims / improper payment
CB-07,Module 03 — Coding & Billing Integrity,MUE units-of-service edit enforcement,Preventive,8,Corrective action,"P17, P15",CMS NCCI Medically Unlikely Edits (MUE),REG-046,DS-10,,Mue,"Providers, billing entities & payers",no,Units exceed MUE for a code,Billing system owner,Claim scrubber / edit engine,MUE hit / adjudication log,Per claim,Payment for medically-unlikely quantities
CB-08,Module 03 — Coding & Billing Integrity,Quantity / frequency-limit edits (capped & time-based services),Detective,6,Payment,"P10, P11","CMS NCCI Medically Unlikely Edits (MUE); OIG (2021, OPEN) - Chronic Care Management overpayments",REG-046,,,Frequency,"Providers, billing entities & payers",no,CCM/quantity-limited item billed,PI analyst / edit builder,Claims analytics + edits,Frequency-limit exception report,Continuous,Overpayment for CCM / over-limit items
CB-09,Module 03 — Coding & Billing Integrity,"Payment-modifier validation (co-surgery 62, assistant 80/AS, bilateral 50)",Detective,6,Payment,"P10, P11","CMS Pub 100-04 Claims Processing Manual; OIG A-12-00-00503 (2022, OPEN) - co-surgery/assistant/duplicate modifiers",REG-040; REG-072,,,Modifier analytics,"Providers, billing entities & payers",no,Surgery/assistant modifier billed,Coding auditor,Claim edit engine,Modifier-vs-documentation review,Per claim + sample,Improper surgery/assistant payments (OIG)
CB-10,Module 03 — Coding & Billing Integrity,Global-surgical-package bundling control,Detective,6,Payment,"P10, P11",CMS Pub 100-04 Claims Processing Manual,REG-040,,,Date/window logic,"Providers, billing entities & payers",no,E&M billed within global period,Coding auditor,Claims analytics,Global-period conflict report,Monthly,Separate billing of bundled post-op care
CB-11,Module 03 — Coding & Billing Integrity,Diagnosis-to-service medical-necessity linkage edit (NCD/LCD),Preventive,6,Payment,"P10, P11",SSA 1862(a)(1)(A) (reasonable & necessary),,,,Dx-service matching,"Providers, billing entities & payers",no,Service requiring covered dx,Coding / edit builder,Claim scrubber vs NCD/LCD,Necessity-edit disposition,Per claim,Payment without supporting diagnosis
CB-12,Module 03 — Coding & Billing Integrity,"Required-diagnosis-code edit (policy-mandated dx, e.g., OTP OUD)",Preventive,6,Payment,"P10, P11","OIG A-09-22-03005 (2023, OPEN) - OTP opioid-use-disorder dx",REG-069,,,Dx edits,"Providers, billing entities & payers",no,Service class requiring specific dx,Payer edit builder,Prepayment edit engine,Required-dx edit specification,Per claim,Payment absent policy-required diagnosis
CB-13,Module 03 — Coding & Billing Integrity,Place-of-service / facility-vs-non-facility rate edit,Detective,6,Payment,"P10, P11","CMS Pub 100-04 Claims Processing Manual; OIG A-04-21-04084 (2023, OPEN) - POS-32 non-facility rate",REG-040; REG-064,,,Pos analytics,"Providers, billing entities & payers",no,POS code drives payment rate,Billing / PI analyst,Claims system (CWF) edits,POS-vs-rate exception report,Continuous,Higher non-facility rate paid in error
CB-14,Module 03 — Coding & Billing Integrity,DRG & discharge-status coding accuracy review (transfer vs discharge),Detective,6,Payment,"P10, P11",CMS Pub 100-04 Claims Processing Manual; OIG A-09-23-03016 (2023) - post-acute-transfer DRG,REG-040; REG-071,,,Drg analytics,"Providers, billing entities & payers",no,Inpatient claim with transfer,Inpatient coding auditor,Claims analytics / edits,Discharge-status audit sample,Monthly,Full DRG paid where transfer applies
CB-15,Module 03 — Coding & Billing Integrity,Duplicate claim / line detection,Detective,6,Payment,"P10, P11","OIG A-12-00-00503 (2022, OPEN) - co-surgery/assistant/duplicate modifiers; OIG A-06-21-05003 (2022, OPEN) - duplicate professional services",REG-066; REG-072,,,Duplicate detection,"Providers, billing entities & payers",no,Same service/date resubmitted,Billing system owner,Claim edit engine,Duplicate-hit disposition log,Per claim,Duplicate payment for one service
CB-16,Module 03 — Coding & Billing Integrity,Unbundling detection analytics — incl. same-sample presumptive+definitive UDT code-pair edit (CPT 80307 + HCPCS G0483 billed on one sample/date),Detective,6,Payment,"P10, P11",Program Integrity Alliance - GovQuery / PIA Connect (MCP),,,,Pattern analytics + same-sample UDT code-pair edit,"Providers, billing entities & payers",no,Comprehensive service fragmented; OR presumptive + top-tier definitive UDT billed on the same sample/date,PI data analyst,Claims analytics,Unbundling pattern alert,Monthly,Revenue inflation via fragmented billing / same-sample UDT code-stacking
CB-17,Module 03 — Coding & Billing Integrity,Prepayment edit maintenance & tuning from emerging vulnerabilities,Preventive,6,Payment,"P10, P11","CMS Pub 100-08 Program Integrity Manual; OIG A-09-21-03021 (2023, OPEN) - psychotherapy/telehealth",REG-041; REG-068,,,Edit tuning,"Providers, billing entities & payers",no,New OIG/GAO/PI finding,Payer PI / edit governance,Prepayment edit library,Edit-change board record,Quarterly,Known vulnerabilities left unedited
CB-18,Module 03 — Coding & Billing Integrity,Pre-submission claim scrubber (provider side),Preventive,6,Payment,"P10, P11",CMS National Correct Coding Initiative (NCCI) Policy Manual; NCCI PTP/MUE pre-payment edits; Medicare Program Integrity Manual (Pub 100-08),,,,Scrubber edits,"Providers, billing entities & payers",no,Claim ready to submit,Revenue-cycle / billing,Claim scrubber,Scrubber edit / clean-claim rate,Per claim,Dirty claims / avoidable denials
CB-19,Module 03 — Coding & Billing Integrity,Coding audit program (statistically valid sampling) + error-rate tracking,Detective,7,Monitoring,"P16, P11","CMS Pub 100-08 Program Integrity Manual; OIG A-09-22-03010 (2023, OPEN) - molecular pathology (CPT 81408)",REG-041; REG-070,,,Sampling,"Providers, billing entities & payers",no,Scheduled audit cycle,Coding compliance / internal audit,Audit workpaper system,Coding-audit report + error rate,Quarterly,Undetected systematic coding error
CB-20,Module 03 — Coding & Billing Integrity,Coding corrective-action & coder-education loop,Corrective,8,Corrective action,"P17, P15",OIG Compliance Program Guidance,,,,Manual / none,"Providers, billing entities & payers",no,Audit finds error trend,Coding compliance lead,LMS / feedback workflow,Corrective-action + re-audit record,Per finding,Repeat errors uncorrected
CB-21,Module 03 — Coding & Billing Integrity,High-risk-code monitoring dashboard to compliance/governance,Detective,1,Governance,"P1, P2, P3 (Control Environment)","OIG A-09-22-03010 (2023, OPEN) - molecular pathology (CPT 81408); GAO Green Book (2025) - Standards for Internal Control",REG-070,,,Monitoring,"Providers, billing entities & payers",no,Ongoing monitoring,PI data analyst,BI / analytics dashboard,Governance monitoring pack,Monthly,Emerging coding risk unseen by leadership
CB-22,Module 03 — Coding & Billing Integrity,"Coding-compliance governance: policy, audit plan & SoD from revenue targets",Preventive,1,Governance,"P1, P2, P3 (Control Environment)",OIG Compliance Program Guidance; GAO Green Book (2025) - Standards for Internal Control,,,,Manual / none,"Providers, billing entities & payers",no,Program design / annual review,Compliance officer,Policy repository,SoD matrix + coding-compliance plan,Annual,Revenue pressure driving coding
PA-01,Module 04 — Prior Authorization,Prospective PA-scoping check: match each order against current DMEPOS Required PA List & OPD PA list before delivery/service,Preventive,4,Authorization,"P10, P12",42 CFR 414.234; 42 CFR 410.38,REG-006; REG-007,,,Manual / none,"Ordering providers, DMEPOS suppliers & payers — DMEPOS-specific",yes,Order received for a listed item/service,Intake / PA coordinator,PA workflow + item master,PA-applicability determination,Per order,Furnishing a listed item/service without required PA (auto-denial)
PA-02,Module 04 — Prior Authorization,Master List / Required PA List update governance: monitor annual Federal Register + CMS PA site; refresh item-to-HCPCS mapping,Detective,1,Governance,"P1, P2, P3 (Control Environment)","42 CFR 414.234; Federal Register 2026-00487 (Jan 13, 2026)",REG-007,DS-11,,Manual / none,"Ordering providers, DMEPOS suppliers & payers — DMEPOS-specific",yes,Federal Register update / quarterly,Compliance + coding,Item master / mapping table,List-version change log,Quarterly,Stale PA list misses newly-listed items
PA-03,Module 04 — Prior Authorization,Complete PA package assembly & validation before submission (order + supporting medical records),Preventive,4,Authorization,"P10, P12",42 CFR 410.38; CMS PIM 100-08 (Program Integrity Manual),REG-006,,,Manual / none,"Ordering providers, DMEPOS suppliers & payers",no,Before PA request submission,PA coordinator,Document mgmt / PA portal,PA package checklist,Per request,Insufficient-documentation non-affirmation
PA-04,Module 04 — Prior Authorization,Face-to-face encounter & Written Order Prior to Delivery (WOPD) verification for applicable DMEPOS,Preventive,4,Authorization,"P10, P12",42 CFR 410.38,REG-006,,,Manual / none,"Ordering providers, DMEPOS suppliers & payers — DMEPOS-specific",yes,DMEPOS order for F2F/WOPD item,PA coordinator,EHR / PA portal,F2F note + WOPD on file,Per order,Delivery before a valid written order
PA-05,Module 04 — Prior Authorization,Affirmation/UTN capture & claim linkage: attach Unique Tracking Number to the claim before billing,Detective,4,Authorization,"P10, P12",CMS PIM 100-08 (Program Integrity Manual),,,,Claim-to-pa match,"Ordering providers, DMEPOS suppliers & payers",no,Affirmation received / claim submission,Billing,Claims + PA system,UTN present on claim,Per claim,Billing without an affirmed PA
PA-06,Module 04 — Prior Authorization,Reasonable-and-necessary documentation control per SSA 1862(a)(1)(A) at the medical-necessity determination,Preventive,4,Authorization,"P10, P12",SSA 1862(a)(1)(A); Program Integrity Alliance - Value-for-Money in Anti-Fraud Efforts,,,,Manual / none,"Ordering providers, DMEPOS suppliers & payers",no,PA / coverage determination,Reviewing clinician,Clinical review platform,Medical-necessity rationale record,Per request,Payment for non-covered / unnecessary item
PA-07,Module 04 — Prior Authorization,Continued-medical-necessity re-documentation for rentals/repairs within required timeframe (12-mo PMD) [open OIG rec],Detective,4,Authorization,"P10, P12",CMS PIM 100-08 (Program Integrity Manual); OIG A-09-20-03016 (2022) - PMD repairs (open rec),REG-067,,Yes,Documentation-date edit,"Ordering providers, DMEPOS suppliers & payers — DMEPOS-specific",yes,Repair or rental continuation,Supplier / treating clinician,EHR + supplier records,Timely continued-need record,Per event,Repairs/rentals billed without current need (OIG PMD)
PA-08,Module 04 — Prior Authorization,Item-category documentation-eligibility checklists to prevent insufficient-documentation denials [open OIG rec],Preventive,4,Authorization,"P10, P12",OIG (2025) - intermittent urinary catheters (open rec),,,Yes,Manual / none,"Ordering providers, DMEPOS suppliers & payers",no,PA / claim preparation,PA coordinator,PA portal,Category eligibility checklist,Per request,Denials/overpayments for documentation gaps (OIG catheters)
PA-09,Module 04 — Prior Authorization,Coverage-rule application: apply current NCD/LCD/LCA; internal criteria not more restrictive than Medicare rules [open OIG rec],Preventive,4,Authorization,"P10, P12",SSA 1862(a)(1)(A); OIG OEI-09-18-00260 (2022) - MAO PA denials (open rec),REG-077,,Yes,Manual / none,"Ordering providers, DMEPOS suppliers & payers",no,Medical-necessity review,Medical reviewer / Medical director,Coverage-rules engine,Criteria-to-coverage crosswalk,Per review,Improper denial via over-restrictive plan criteria (OIG MAO)
PA-10,Module 04 — Prior Authorization,Utilization-data sufficiency check before coverage determinations [open OIG rec],Detective,4,Authorization,"P10, P12",OIG (2025) - Part B coverage determinations utilization data (open rec),,,Yes,Data qa,"Ordering providers, DMEPOS suppliers & payers",no,Coverage determination,Medical review / Data,Claims + utilization datamart,Data-completeness attestation,Per determination,Coverage decision made on incomplete data (OIG 2025)
PA-11,Module 04 — Prior Authorization,Decision-timeliness SLA control: standard <=7 cal days; expedited <=72h (payer)/2 bus days (FFS),Detective,4,Authorization,"P10, P12",42 CFR 419 Subpart I (419.81-.83); CMS-0057-F Interoperability & Prior Authorization Final Rule (2024),,,,Sla monitoring,"Ordering providers, DMEPOS suppliers & payers",no,PA request received,PA operations,PA workflow timer,SLA timeliness report,Continuous,Untimely decisions / access-to-care harm (CMS-0057-F)
PA-12,Module 04 — Prior Authorization,Specific denial-reason communication + electronic PA (FHIR API) where required,Preventive,4,Authorization,"P10, P12",CMS-0057-F Interoperability & Prior Authorization Final Rule (2024),,,,Manual / none,"Ordering providers, DMEPOS suppliers & payers",no,Non-affirmation / denial issued,PA operations,PA portal / FHIR PA API,Denial notice with specific reason,Per denial,Vague denials that impede appeal (CMS-0057-F)
PA-13,Module 04 — Prior Authorization,"ABN issuance when non-affirmation/denial is likely, before furnishing the item/service",Preventive,4,Authorization,"P10, P12",CMS ABN (Form CMS-R-131) / SSA 1879,,,,Manual / none,"Ordering providers, DMEPOS suppliers & payers",no,Likely non-covered service,Provider front-desk / supplier,ABN workflow,Signed ABN (CMS-R-131),Per event,Improper beneficiary liability / no advance notice
PA-14,Module 04 — Prior Authorization,PA denial-appropriateness sampling review [open OIG rec],Detective,4,Authorization,"P10, P12",OIG OEI-09-19-00350 (2023) - Medicaid MC PA denials (open rec),REG-078,,Yes,Sampling,"Ordering providers, DMEPOS suppliers & payers",no,Periodic review cycle,Compliance / Medical director,PA system + audit tool,Denial-sample review workpaper,Quarterly,Systemic inappropriate denials undetected (OIG OEI-09-19-00350)
PA-15,Module 04 — Prior Authorization,Automatic external medical review of upheld denials (managed care) [open OIG rec],Corrective,8,Corrective action,"P17, P15",OIG OEI-09-19-00350 (2023) - Medicaid MC PA denials (open rec),REG-078,,Yes,Manual / none,"Ordering providers, DMEPOS suppliers & payers",no,Internal denial upheld,Compliance,External-review referral,External-review disposition,Per upheld denial,Inappropriate denials not independently checked (OIG)
PA-16,Module 04 — Prior Authorization,EPSDT / childrens-services PA policy control (Medicaid) [open GAO rec],Preventive,4,Authorization,"P10, P12",GAO-24-106532 (2024) - Medicaid MC PA for children (open rec),REG-061,,Yes,Manual / none,"Ordering providers, DMEPOS suppliers & payers",no,Pediatric PA policy design,Medical policy,Policy repository,EPSDT PA policy statement,Annual,Improper PA barriers to EPSDT services (GAO-24-106532)
PA-17,Module 04 — Prior Authorization,"PA metrics reporting (volume, approvals/denials, average decision timeframe)",Detective,7,Monitoring,"P16, P11",CMS-0057-F Interoperability & Prior Authorization Final Rule (2024),,,,Reporting,"Ordering providers, DMEPOS suppliers & payers",no,Reporting cycle,PA operations / Compliance,PA analytics / reporting,Published PA metrics report,Annual,No transparency into PA performance (CMS-0057-F)
PA-18,Module 04 — Prior Authorization,Proof-of-delivery / service-vs-affirmation post-payment match,Detective,7,Monitoring,"P16, P11",CMS PIM 100-08 (Program Integrity Manual),,,,Matching,"Ordering providers, DMEPOS suppliers & payers — DMEPOS-specific",yes,Post-payment sample,PI analyst,Claims + POD records,POD-to-PA reconciliation,Monthly,Billing for items not delivered / not matching the PA
PA-19,Module 04 — Prior Authorization,Qualified-clinician medical-necessity denial governance + segregation of duties (no denial solely by algorithm),Preventive,1,Governance,"P1, P2, P3 (Control Environment)",CMS-0057-F Interoperability & Prior Authorization Final Rule (2024); 42 CFR 422.101(c),REG-008,,,Manual / none,"Ordering providers, DMEPOS suppliers & payers",no,Any medical-necessity denial,Medical director / Compliance,Clinical review platform,Clinician sign-off + SoD matrix,Per denial,Improper automated denials (42 CFR 422.101(c))
CD-01,Module 05 — Coverage & Documentation,Coverage-criteria application: identify & apply the current NCD/LCD/LCA and Benefit Policy Manual criteria for each item/service before billing,Preventive,5,Documentation,P10,SSA 1862(a)(1)(A); Medicare Coverage Database (NCD/LCD/LCA),,,,Manual / none,All providers & suppliers submitting claims,no,Service selection / claim prep,Coding / Medical reviewer,Coverage-rules engine + MCD,Coverage-criteria crosswalk,Per service,Billing a service that is not covered / not reasonable-and-necessary
CD-02,Module 05 — Coverage & Documentation,Coverage-policy change monitoring: track the Medicare Coverage Database for new/revised/retired NCD/LCD and refresh internal criteria [open GAO rec],Detective,5,Documentation,P10,"Medicare Coverage Database (NCD/LCD/LCA); GAO-25-107623 (2025, open rec)",REG-063,,Yes,Manual / none,All providers & suppliers submitting claims,no,MCD update / monthly,Compliance + coding,MCD monitor / policy repository,Policy-change log,Monthly,Stale criteria misapply coverage rules (GAO-25-107623)
CD-03,Module 05 — Coverage & Documentation,Reasonable-and-necessary documentation control: the medical record substantiates the R&N basis at the point of service,Preventive,5,Documentation,P10,SSA 1862(a)(1)(A); Medicare Program Integrity Manual (CMS Pub 100-08) Ch.3,REG-041,,,Manual / none,All providers & suppliers submitting claims,no,Encounter documentation,Treating clinician,EHR,R&N-supporting progress note,Per service,Insufficient-documentation improper payment (SSA 1862(a)(1)(A))
CD-04,Module 05 — Coverage & Documentation,Documentation-requirement effectiveness review: validate that internal documentation checklists actually demonstrate coverage compliance (not over/under-documentation) [open GAO rec],Detective,7,Monitoring,"P16, P11","GAO-19-277 (2019, open rec)",REG-056,,Yes,Manual / none,All providers & suppliers submitting claims,no,Annual policy review,Compliance,Policy repository,Doc-requirement effectiveness memo,Annual,Ineffective/burdensome documentation fails to catch improper payments (GAO-19-277)
CD-05,Module 05 — Coverage & Documentation,Item/service-category documentation-eligibility checklist to prevent insufficient-documentation errors [open OIG rec],Preventive,5,Documentation,P10,"CERT Program (Improper Payment Measurement); OIG - intermittent urinary catheters (2025, open rec)",,,Yes,Manual / none,All providers & suppliers submitting claims,no,Claim prep for a high-risk category,Coding / PI,Claim scrubber,Category eligibility checklist,Per claim,Category-specific insufficient-documentation overpayment (OIG catheters)
CD-06,Module 05 — Coverage & Documentation,Signature legibility & attestation control: legible identifiable author signature on each entry; attestation for missing/illegible signatures,Preventive,5,Documentation,P10,Medicare Program Integrity Manual (CMS Pub 100-08) Ch.3,REG-041,,,Manual / none,All providers & suppliers submitting claims,no,Record finalize / audit prep,HIM,EHR signature log,Signature or signature-attestation,Per record,Unsigned/illegible records denied on review (PIM 100-08 Ch.3)
CD-07,Module 05 — Coverage & Documentation,Copy-forward / templated-note control: EHR authorship controls limit cloned documentation so each note reflects the specific encounter,Detective,5,Documentation,P10,42 CFR 424.5(a)(6) (documentation must support services); Medicare Program Integrity Manual (Pub 100-08) ch.3; OIG guidance on cloned/copy-paste documentation,,,,Cloned-note detection,All providers & suppliers submitting claims,no,Note authoring,HIM / Compliance,EHR audit log,Cloned-note audit result,Quarterly,Cloned/templated notes that do not support the billed service
CD-08,Module 05 — Coverage & Documentation,Valid-order verification: a signed physician/practitioner order is on file before the service; order authentication enforced; ordering-physician IDENTITY/NPI authenticated at the authoritative source (NPPES/PECOS) — guards against stolen/forged real-clinician identities,Preventive,5,Documentation,P10,Medicare Benefit Policy Manual (CMS Pub 100-02); 42 CFR 410.32,REG-005; REG-039,,,Source-verification (NPPES/PECOS); Rule-12 source-obtained provenance,All providers & suppliers submitting claims,no,Pre-service intake,Intake / Scheduling,EHR / order management + NPPES/PECOS,Signed order on file + source-verified ordering-provider identity,Per service,"Service furnished without a valid order, or under a stolen/forged clinician identity (42 CFR 410.32)"
CD-09,Module 05 — Coverage & Documentation,Proof-of-delivery / proof-of-service capture and retention with all required elements (DMEPOS),Detective,5,Documentation,P10,Program Integrity Manual (Pub 100-08) Ch.5; 42 CFR 410.38,REG-006; REG-041,,,Pod-to-claim match,All providers & suppliers submitting claims — DMEPOS-specific,yes,Delivery / service event,Supplier operations,POD system,Complete POD record,Per delivery,Billing for items not delivered / POD incomplete (42 CFR 410.38)
CD-10,Module 05 — Coverage & Documentation,"Continued-need / recertification documentation control for ongoing services (home health, DME rental, hospice)",Detective,5,Documentation,P10,Medicare Benefit Policy Manual (CMS Pub 100-02),REG-039,,,Recert-date edit,All providers & suppliers submitting claims — DMEPOS-specific,yes,Recertification interval,Clinician / supplier,EHR,Continued-need / recert note,Per interval,Ongoing services billed without current documented need
CD-11,Module 05 — Coverage & Documentation,Records-retention & retrievability control meeting Medicare minimums,Preventive,5,Documentation,P10,42 CFR 424.516,REG-017,,,Manual / none,All providers & suppliers submitting claims,no,Record creation,HIM,Records management,Retention schedule + index,Continuous,Records unavailable/unretrievable on request (42 CFR 424.516)
CD-12,Module 05 — Coverage & Documentation,ADR / medical-review response-timeliness control: complete and submit documentation within the CMS deadline,Detective,5,Documentation,P10,Medicare Program Integrity Manual (CMS Pub 100-08) Ch.3,REG-041,,,Deadline sla,All providers & suppliers submitting claims,no,ADR received,Compliance / HIM,ADR tracker,ADR response log,Per ADR,Automatic denial/overpayment for non-response (PIM 100-08 Ch.3)
CD-13,Module 05 — Coverage & Documentation,"Amendment / late-entry integrity control: date, author and reason recorded; no overwrite of the original entry",Preventive,5,Documentation,P10,Medicare Program Integrity Manual (CMS Pub 100-08) Ch.3,REG-041,,,Manual / none,All providers & suppliers submitting claims — DMEPOS-specific,yes,Record correction,HIM,EHR versioning,Amendment audit trail,Per amendment,Improper record alteration undermining review (PIM 100-08 Ch.3)
CD-14,Module 05 — Coverage & Documentation,Insufficient-documentation root-cause & corrective-action loop from CERT/RAC/denial trends [open GAO rec],Corrective,8,Corrective action,"P17, P15","CERT Program (Improper Payment Measurement); GAO-19-277 (2019, open rec)",REG-056,,Yes,Denial root-cause,All providers & suppliers submitting claims,no,Error/denial trend detected,Compliance,Denials analytics,CAPA record,Quarterly,Recurring documentation errors left uncorrected (GAO-19-277)
CD-15,Module 05 — Coverage & Documentation,Targeted documentation education for high-risk item/service categories [open OIG rec],Preventive,5,Documentation,P10,"OIG - intermittent urinary catheters (2025, open rec); OIG - psychotherapy incl. telehealth (2023, open rec)",,,Yes,Manual / none,All providers & suppliers submitting claims,no,Risk category identified,Compliance / Education,LMS,Training completion record,As needed,Repeat category-specific documentation errors (OIG catheters/psychotherapy)
CD-16,Module 05 — Coverage & Documentation,Enhanced documentation review for high-cost / high-risk tests and services [open OIG rec],Detective,5,Documentation,P10,"OIG - molecular pathology genetic test (2023, open rec)",,,Yes,High-cost targeting,All providers & suppliers submitting claims,no,High-cost test/service billed,PI / Medical reviewer,Pre-payment edit,Enhanced-review workpaper,Per claim/sample,High-dollar improper payment for unsupported high-cost service (OIG molecular pathology)
CD-17,Module 05 — Coverage & Documentation,Coordination-of-benefits / setting documentation control to prevent duplicate or incorrect payment across benefit periods [open OIG rec],Detective,5,Documentation,P10,"OIG - hospice outpatient services (2024, open rec)",,,Yes,Cob overlap match,All providers & suppliers submitting claims,no,Claim for enrollee in another benefit period,Billing / PI,Eligibility / COB check,COB documentation,Per claim,Duplicate/incorrect payment across settings (OIG hospice outpatient)
CD-18,Module 05 — Coverage & Documentation,"Service-modality documentation control: note and claim modifier support the billed modality (e.g., telehealth/audio-only) [open OIG rec]",Preventive,5,Documentation,P10,"OIG - psychotherapy incl. telehealth (2023, open rec)",,,Yes,Manual / none,All providers & suppliers submitting claims,no,Telehealth/alternate-modality service,Clinician / Billing,EHR / claim modifier,Modality-supporting note + modifier,Per service,Billed modality not supported by the record (OIG psychotherapy telehealth)
CD-19,Module 05 — Coverage & Documentation,"Documentation-integrity governance & metrics: compliance-owned program; quality metrics (error rate, ADR outcomes) reported to governance",Preventive,1,Governance,"P1, P2, P3 (Control Environment)",GAO Green Book 2025 Principles 16–17 (monitoring & remediation of deficiencies); Medicare Program Integrity Manual (Pub 100-08) documentation standards,,,,Metrics reporting,All providers & suppliers submitting claims,no,Reporting cycle,Compliance / CCO,GRC / reporting,Documentation-integrity report,Quarterly,No governance oversight of documentation risk (Green Book P16)
MC-01,Module 06 — Managed Care (Part C/D),"Written FWA compliance plan with 7 required elements, reviewed annually; incl. an independent, protected clinical-refusal path so applying clinicians can decline medically-inappropriate orders without retaliation",Preventive,1,Governance,"P1, P2, P3 (Control Environment)",42 CFR Part 422 (Medicare Advantage / Part C); 42 CFR 422.503(b)(4)(vi),REG-012; REG-031,,,Manual / none,MA (Part C) & Part D plans/sponsors; Medicaid managed care (MC-20),no,Program design / annual review,Compliance officer,Policy repository,Board-approved compliance plan,Annual,Ineffective/absent compliance program (422.503); clinicians pressured to suspend medical judgment (Gehrke/King wound-graft 2025)
MC-02,Module 06 — Managed Care (Part C/D),Compliance officer & committee with governing-body reporting line,Preventive,1,Governance,"P1, P2, P3 (Control Environment)",42 CFR Part 422 (Medicare Advantage / Part C); 42 CFR 422.503(b)(4)(vi),REG-012; REG-031,,,Manual / none,MA (Part C) & Part D plans/sponsors; Medicaid managed care (MC-20),no,Program governance,Governing body,Governance charter,Committee charter + minutes,Quarterly,No high-level oversight of FWA
MC-03,Module 06 — Managed Care (Part C/D),"Annual FWA training for staff, board & FDRs with completion tracking",Preventive,1,Governance,"P1, P2, P3 (Control Environment)",42 CFR 422.503(b)(4)(vi); 42 CFR Part 423 (Medicare Part D),REG-012; REG-032,,,Manual / none,MA (Part C) & Part D plans/sponsors; Medicaid managed care (MC-20),no,Onboarding + annual cycle,Compliance training lead,LMS,Training completion report,Annual,Untrained staff/FDRs miss FWA
MC-04,Module 06 — Managed Care (Part C/D),Pre-submission diagnosis-to-medical-record validation before risk-adjustment submission,Preventive,6,Payment,"P10, P11",42 CFR Part 422 (Medicare Advantage / Part C); 42 CFR 422.310,REG-010; REG-031,,,Diagnosis-to-record linkage,MA (Part C) & Part D plans/sponsors; Medicaid managed care (MC-20),no,Each RA submission cycle,Risk-adjustment / coding lead,Encounter Data System / RA engine,Coding validation log,Per cycle,Unsupported diagnoses inflate risk scores (OIG RADV)
MC-05,Module 06 — Managed Care (Part C/D),Two-directional chart review: submit deletes as well as adds,Detective,7,Monitoring,"P16, P11",42 CFR 422.310; OIG - MA Risk-Adjustment Compliance Audits (Keystone/MCS/Highmark/Presbyterian),REG-010,,,Add/delete balance,MA (Part C) & Part D plans/sponsors; Medicaid managed care (MC-20),no,Chart-review project,RA compliance analyst,RA submission workflow,Add/delete reconciliation report,Per project,Revenue-only chart review (one-directional)
MC-06,Module 06 — Managed Care (Part C/D),Isolate & scrutinize HRA-only / HRA-linked-chart-review diagnoses,Detective,7,Monitoring,"P16, P11",OIG (2024) - Questionable Use of Health Risk Assessments (OPEN rec),,,Yes,Hra-only isolation,MA (Part C) & Part D plans/sponsors; Medicaid managed care (MC-20),no,In-home HRA & linked reviews,RA data analyst,HRA + encounter data,HRA-only diagnosis exception report,Monthly,Unconfirmed HRA diagnoses drive overpayments (OIG 2024 open rec)
MC-07,Module 06 — Managed Care (Part C/D),Annual internal RADV-style validation sample + overpayment refund,Detective,8,Corrective action,"P17, P15",42 CFR 422.310; OIG - MA Risk-Adjustment Compliance Audits (Keystone/MCS/Highmark/Presbyterian),REG-010,,,Statistical sampling,MA (Part C) & Part D plans/sponsors; Medicaid managed care (MC-20),no,Annual / pre-CMS RADV,RA compliance,Sampling + medical review,Internal RADV workpapers,Annual,Undetected risk-score overpayments; RADV extrapolation exposure
MC-08,Module 06 — Managed Care (Part C/D),Coding-intensity & vendor-coder monitoring for abnormal HCC capture,Detective,7,Monitoring,"P16, P11",GAO-16-76 (OPEN recs) - MA RADV & coding intensity,REG-052; REG-055,,Yes,Intensity trend,MA (Part C) & Part D plans/sponsors; Medicaid managed care (MC-20),no,Ongoing RA analytics,RA data analyst,RA analytics platform,Coding-intensity trend report,Quarterly,Aberrant HCC capture / upcoding (GAO-16-76)
MC-09,Module 06 — Managed Care (Part C/D),Special Investigations Unit with documented FWA case workflow,Detective,7,Monitoring,"P16, P11",42 CFR 422.503(b)(4)(vi); Prescription Drug Benefit Manual Pub 100-18 Ch. 9 (FWA),REG-012; REG-043,,,Manual / none,MA (Part C) & Part D plans/sponsors; Medicaid managed care (MC-20),no,FWA lead / referral received,SIU manager,Case-management system,SIU case file + disposition,Continuous,Leads not investigated; fraud persists
MC-10,Module 06 — Managed Care (Part C/D),Routine claims & PDE analytics for aberrant provider/pharmacy billing,Detective,7,Monitoring,"P16, P11",Prescription Drug Benefit Manual Pub 100-18 Ch. 9 (FWA); Program Integrity Alliance - Value-for-Money / GovQuery (PIA Connect),REG-043,,,Outlier detection,MA (Part C) & Part D plans/sponsors; Medicaid managed care (MC-20),no,Scheduled analytics run,PI data analyst,Claims/PDE analytics,Aberrancy alert disposition,Monthly,Aberrant billing undetected
MC-11,Module 06 — Managed Care (Part C/D),"FDR inventory, pre-contract screening & periodic audit",Preventive,7,Monitoring,"P16, P11",42 CFR Part 423 (Medicare Part D); 42 CFR 423.504(b)(4)(vi),REG-015; REG-032,DS-02,,Manual / none,MA (Part C) & Part D plans/sponsors; Medicaid managed care (MC-20),no,New FDR + annual,Vendor/FDR oversight lead,FDR register + audit tool,FDR audit report,Annual,Downstream entity fraud unmonitored (423.504 F)
MC-12,Module 06 — Managed Care (Part C/D),Monthly OIG-LEIE / GSA-SAM exclusion screening of staff & FDRs,Detective,7,Monitoring,"P16, P11",42 CFR 422.503(b)(4)(vi) & 423.504(b)(4)(vi) (Part C/D compliance program — OIG-LEIE/GSA-SAM exclusion screening of employees & FDRs); SSA §1128; OIG Special Advisory Bulletin on the Effect of Exclusion (2013),,DS-01; DS-02,,List matching,MA (Part C) & Part D plans/sponsors; Medicaid managed care (MC-20),no,Monthly batch,Compliance/PI,Exclusion-screening tool,Monthly screening report + hits,Monthly,Excluded party paid via plan or FDR
MC-13,Module 06 — Managed Care (Part C/D),Pharmacy audits (desk & on-site) for non-dispensed / phantom Rx,Detective,7,Monitoring,"P16, P11",42 CFR Part 423 (Medicare Part D); Prescription Drug Benefit Manual Pub 100-18 Ch. 9 (FWA),REG-032; REG-043,,,Pde outliers,MA (Part C) & Part D plans/sponsors; Medicaid managed care (MC-20),no,Risk-based audit plan,Part D SIU / pharmacy audit,PDE + pharmacy records,Pharmacy audit report + recovery,Per plan/cyclic,Billing for undispensed drugs
MC-14,Module 06 — Managed Care (Part C/D),Opioid overutilization monitoring & drug-management program (DMP),Detective,7,Monitoring,"P16, P11",42 CFR 423.153(f),REG-014,,,Overutilization criteria,MA (Part C) & Part D plans/sponsors; Medicaid managed care (MC-20),no,POS + retrospective review,Pharmacy / clinical lead,DUR / DMP system,DMP case & POS-edit log,Continuous,Opioid overutilization / doctor-shopping
MC-15,Module 06 — Managed Care (Part C/D),Formulary administration & rebate-effect monitoring,Detective,7,Monitoring,"P16, P11",42 CFR 423.120; GAO-23-105270 (OPEN rec) - Part D rebates,REG-013; REG-059,,Yes,Formulary/rebate analytics,MA (Part C) & Part D plans/sponsors; Medicaid managed care (MC-20),no,Formulary change / annual bid,Pharmacy benefit / actuarial,Formulary + rebate data,Formulary/rebate review memo,Annual,Rebate-driven formulary distortion (GAO-23-105270 open rec)
MC-16,Module 06 — Managed Care (Part C/D),Agent/broker oversight: rapid-disenrollment & misrepresentation monitoring,Detective,7,Monitoring,"P16, P11","42 CFR 422.2274 & 423.2274 (agent/broker & FDR oversight, rapid-disenrollment compensation recovery); CMS Medicare Communications & Marketing Guidelines (MCMG)",,,,Rapid-disenroll flag,MA (Part C) & Part D plans/sponsors; Medicaid managed care (MC-20),no,Enrollment & complaint data,Sales compliance,Enrollment + complaint system,Agent oversight scorecard,Monthly,Marketing misrepresentation / churn fraud
MC-17,Module 06 — Managed Care (Part C/D),Verify network provider data (HSD tables / directory) submitted to CMS,Preventive,7,Monitoring,"P16, P11",42 CFR Part 422 (Medicare Advantage / Part C); GAO-15-710 (OPEN rec) - MA network oversight,REG-031; REG-054,,Yes,Provider-data validation,MA (Part C) & Part D plans/sponsors; Medicaid managed care (MC-20),no,Network filing & updates,Network management,Provider data / HSD tool,Provider-data validation log,Per filing,Invalid MAO provider data (GAO-15-710 open rec)
MC-18,Module 06 — Managed Care (Part C/D),MLR data compilation & accurate reporting incl. FWA recoveries,Detective,7,Monitoring,"P16, P11",42 CFR 422.2460 / 423.2460,REG-009,,,Manual / none,MA (Part C) & Part D plans/sponsors; Medicaid managed care (MC-20),no,Annual MLR reporting,Finance / actuarial,MLR reporting system,MLR filing + support,Annual,MLR misstatement / unremitted recoveries
MC-19,Module 06 — Managed Care (Part C/D),"60-day overpayment identification, refund & self-disclosure pathway",Preventive,8,Corrective action,"P17, P15",42 CFR 422.326 / 423.360,REG-011,,,Overpayment tracking,MA (Part C) & Part D plans/sponsors; Medicaid managed care (MC-20),no,Overpayment identified,Compliance / finance,Overpayment tracking log,Refund + disclosure record,Continuous,Retained overpayments / FCA exposure
MC-20,Module 06 — Managed Care (Part C/D),"Medicaid managed care PI safeguards: ownership disclosure, screening, encounter integrity",Preventive,7,Monitoring,"P16, P11",42 CFR Part 438 (Medicaid managed care),REG-035,,,Encounter-data checks,MA (Part C) & Part D plans/sponsors; Medicaid managed care (MC-20),no,Medicaid MC contract,Medicaid compliance lead,State + encounter systems,438.608 PI safeguards evidence,Ongoing,Medicaid MCO program-integrity gaps
MC-21,Module 06 — Managed Care (Part C/D),Corrective-action-plan tracking to closure + FWA metrics to board,Detective,8,Corrective action,"P17, P15",42 CFR 423.504(b)(4)(vi),REG-015,,,Manual / none,MA (Part C) & Part D plans/sponsors; Medicaid managed care (MC-20),no,Finding / deficiency raised,Compliance officer,CAP tracker,CAP register + board pack,Quarterly,Findings not remediated; repeat deficiencies
MC-22,Module 06 — Managed Care (Part C/D),"Ancillary/wrap-around benefit-fund disbursement segregation of duties — independent second-approver + beneficiary-eligibility/relationship cross-check before discretionary fund disbursement (gift cards, housing/home-safety support)",Preventive,6,Payment,"P3, P10","42 CFR Part 438 Subpart H (managed-care Additional Program Integrity Safeguards), incl. §438.608; plan HRSF/in-lieu-of-services policy",,,,Recipient-pattern review (employee-linked names/addresses),Managed-care organizations (Part C/D & Medicaid MCOs),no,"Any discretionary ancillary/wrap-around (e.g., HRSF / in-lieu-of-services) disbursement request",MCO compliance + finance,Benefit-fund / disbursement system,Dual-approval record + recipient-pattern review log,Per disbursement + quarterly pattern review,Employee with sole processing authority routing discretionary funds to self/family (CareOregon HRSF 2026 pattern)
MD-01,Module 07 — Medicaid & CHIP Integrity,Risk-based provider screening at enrollment (limited/moderate/high) incl. ordering/referring,Preventive,3,Enrollment,P10,"42 CFR 455.410, .450 (risk-based screening levels); CMS State Medicaid Manual (Pub 100-12)",REG-026; REG-042,DS-17,,Manual / none,"State Medicaid & CHIP agencies, MCOs/CHIP plans, and their enrolled providers",no,New enrollment application,Provider enrollment unit,MMIS / provider enrollment system,Risk-level & screening determination record,Per app,Unscreened/ineligible provider enrolled
MD-02,Module 07 — Medicaid & CHIP Integrity,Provider revalidation (>=5-yr) + reactivation re-screening,Detective,3,Enrollment,P10,42 CFR 455.414 (revalidation); 455.450 (reactivation re-screening),REG-027,,,Cycle tracking,"State Medicaid & CHIP agencies, MCOs/CHIP plans, and their enrolled providers",no,Revalidation cycle / lapse,Provider enrollment unit,Enrollment revalidation queue,Revalidation status report,Per cycle,Dormant/stale provider record misused
MD-03,Module 07 — Medicaid & CHIP Integrity,Ownership/control & business-transaction disclosure capture + verification,Preventive,3,Enrollment,P10,42 CFR 455.104-.106 (ownership/control & business-transaction disclosure),REG-024,,,Manual / none,"State Medicaid & CHIP agencies, MCOs/CHIP plans, and their enrolled providers",no,Application & any ownership change,Provider enrollment unit,Disclosure module,Completed disclosure schedule,Per app/change,Hidden ownership / undisclosed affiliates
MD-04,Module 07 — Medicaid & CHIP Integrity,"Federal-database screening of providers/owners (LEIE, SAM, Death Master) pre/post enrollment",Detective,3,Enrollment,P10,42 CFR 455.436 (LEIE/SAM/Death Master File database checks),REG-029; REG-048; REG-049,DS-01; DS-02; DS-03,,Matching,"State Medicaid & CHIP agencies, MCOs/CHIP plans, and their enrolled providers",no,Enrollment + monthly batch,PI analyst,Exclusion-screening engine,Monthly screening log + hit disposition,Monthly,Excluded/adverse actor bills Medicaid
MD-05,Module 07 — Medicaid & CHIP Integrity,On-site visits (moderate/high) + fingerprint checks (high-risk 5%+ owners),Preventive,3,Enrollment,P10,42 CFR 455.432 (on-site visits); 455.434 (fingerprint/background checks),REG-028,,,Manual / none,"State Medicaid & CHIP agencies, MCOs/CHIP plans, and their enrolled providers",no,Risk tier >= moderate,Site-visit / fingerprint vendor,Site-visit system,Site-visit report + fingerprint clearance,Per app + cyclic,Phantom/criminal-owned providers enrolled
MD-06,Module 07 — Medicaid & CHIP Integrity,Enrollee eligibility verification via authoritative electronic data sources,Preventive,2,Eligibility,P10,42 CFR Part 435 Subpart J (435.940-.965) - eligibility verification,REG-034,,,Data match,"State Medicaid & CHIP agencies, MCOs/CHIP plans, and their enrolled providers",no,Application & redetermination,Eligibility operations,Eligibility system / data hub,Verification record per data element,Per determination,Ineligible enrollee receives benefits
MD-07,Module 07 — Medicaid & CHIP Integrity,Interstate duplicate-enrollment matching (PARIS) - resolve & terminate,Detective,2,Eligibility,P10,42 CFR Part 455; GAO-25-106976 (2025) - interstate/PARIS enrollment matching (open rec),REG-036; REG-050; REG-062,DS-05,Yes,Data match,"State Medicaid & CHIP agencies, MCOs/CHIP plans, and their enrolled providers",no,Quarterly PARIS match,PI / eligibility data unit,PARIS interface,Match-resolution & termination log,Quarterly,Duplicate cross-state enrollment/benefits
MD-08,Module 07 — Medicaid & CHIP Integrity,Deceased-enrollee detection via SSA Death Master File match,Detective,2,Eligibility,P10,42 CFR 455.436; SSA Death Master File; OIG A-42109005 (open rec),REG-029; REG-048; REG-073,DS-03; DS-13,Yes,Matching,"State Medicaid & CHIP agencies, MCOs/CHIP plans, and their enrolled providers",no,Monthly DMF match,PI data analyst,T-MSIS/eligibility + DMF feed,DMF-match exception disposition,Monthly,Capitation/FFS paid for deceased enrollee
MD-09,Module 07 — Medicaid & CHIP Integrity,Concurrent multi-state MCO enrollment detection,Detective,6,Payment,P10,42 CFR 438.608; OIG A-05-20-00025 - concurrent capitation (open rec),REG-023; REG-065,,Yes,Matching,"State Medicaid & CHIP agencies, MCOs/CHIP plans, and their enrolled providers",no,Monthly enrollment scan,PI data analyst,Enrollment analytics,Concurrent-enrollment alert log,Monthly,Duplicate capitation across states
MD-10,Module 07 — Medicaid & CHIP Integrity,"MCO contract PI safeguards: FWA reporting, overpayment recovery, PI plan",Preventive,1,Governance,P16,42 CFR 438.608 (Medicaid managed-care PI safeguards),REG-023,,,Manual / none,"State Medicaid & CHIP agencies, MCOs/CHIP plans, and their enrolled providers",no,Contracting & annual review,Managed care contract office,Contract management system,Executed PI contract provisions,Annual,MCO fails to detect/return FWA overpayments
MD-11,Module 07 — Medicaid & CHIP Integrity,State-directed payment & capitation actuarial-soundness oversight,Preventive,6,Payment,P10,42 CFR 438.4-.7 (actuarial soundness); 438.608,REG-022,,,Rate analytics,"State Medicaid & CHIP agencies, MCOs/CHIP plans, and their enrolled providers",no,Rate setting / directed-payment approval,Actuarial / managed care office,Rate-setting & 438.6 documentation,Actuarial certification + approval file,Per rate cycle,Unsound/unallowable directed payments
MD-12,Module 07 — Medicaid & CHIP Integrity,PERM / MEQC eligibility & claims sampling with error-rate measurement,Detective,7,Monitoring,P10,42 CFR Part 431 Subpart Q (PERM/MEQC); CMS PERM program,REG-033; REG-051,,,Sampling,"State Medicaid & CHIP agencies, MCOs/CHIP plans, and their enrolled providers",no,PERM/MEQC cycle,Program-integrity office,PERM/MEQC sampling system,Sampled-case workpapers + error rate,Per cycle,Undetected improper-payment error rate
MD-13,Module 07 — Medicaid & CHIP Integrity,"Improper-payment corrective action plans addressing root causes, tracked to closure",Corrective,8,Corrective action,P17,42 CFR Part 431 Subpart Q; GAO-19-277 (2019) - CAP root-cause (open rec),REG-033; REG-056,,Yes,Manual / none,"State Medicaid & CHIP agencies, MCOs/CHIP plans, and their enrolled providers",no,PERM/audit finding,Program-integrity office,CAP tracker,"CAP with owner, milestone, closure evidence",Per finding,Recurring improper payments (no root-cause fix)
MD-14,Module 07 — Medicaid & CHIP Integrity,Utilization control & SURS medical-review program,Detective,5,Documentation,P10,42 CFR Part 456 (utilization control/SURS); CMS State Medicaid Manual,REG-037,,,SURS,"State Medicaid & CHIP agencies, MCOs/CHIP plans, and their enrolled providers",no,Ongoing claims/utilization scan,Medical review / SURS unit,SURS analytics,Medical-review case dispositions,Continuous,Medically unnecessary / aberrant utilization
MD-15,Module 07 — Medicaid & CHIP Integrity,Documentation-requirement necessity & effectiveness review,Preventive,5,Documentation,P10,42 CFR Part 456; GAO-19-277 (2019) - documentation necessity (open rec),REG-037; REG-056,,Yes,Manual / none,"State Medicaid & CHIP agencies, MCOs/CHIP plans, and their enrolled providers",no,Policy design / annual review,Policy & PI office,Policy repository,Documentation-requirement review memo,Annual,Weak documentation enables improper claims
MD-16,Module 07 — Medicaid & CHIP Integrity,T-MSIS monthly submission + data-quality validation,Detective,7,Monitoring,P16,CMS T-MSIS (Transformed MSIS) monthly data submission,REG-053,DS-13,,Data QA,"State Medicaid & CHIP agencies, MCOs/CHIP plans, and their enrolled providers",no,Monthly T-MSIS build,T-MSIS / data unit,T-MSIS pipeline + DQ tool,T-MSIS data-quality exception report,Monthly,Incomplete data blinds PI analytics
MD-17,Module 07 — Medicaid & CHIP Integrity,Managed-care encounter/payment data completeness monitoring + state corrective action,Detective,7,Monitoring,P16,CMS T-MSIS; OIG OEI-03-20-00330 - encounter data quality (open rec),REG-053; REG-075,,Yes,Data QA,"State Medicaid & CHIP agencies, MCOs/CHIP plans, and their enrolled providers",no,Monthly encounter reconciliation,Managed care data unit,Encounter data warehouse,Encounter-completeness reconciliation,Monthly,Incomplete encounter data hides FWA
MD-18,Module 07 — Medicaid & CHIP Integrity,Credible-allegation-of-fraud payment suspension + MFCU referral,Corrective,8,Corrective action,P16,42 CFR 455.23 (payment suspension on credible allegation); 42 CFR Part 1007 (MFCU),REG-025; REG-030,,,Manual / none,"State Medicaid & CHIP agencies, MCOs/CHIP plans, and their enrolled providers",no,Credible fraud allegation,Program-integrity office,Case management + suspension flag,Suspension notice + MFCU referral record,Per case,Continued payment to fraudulent provider
MD-19,Module 07 — Medicaid & CHIP Integrity,CMIP-aligned PI unit with analytics & UPIC coordination,Preventive,1,Governance,P3,SSA sec.1936; CMS Comprehensive Medicaid Integrity Plan (CMIP),,,,Manual / none,"State Medicaid & CHIP agencies, MCOs/CHIP plans, and their enrolled providers",no,Program design / annual review,Medicaid PI director,Governance & analytics platform,PI plan + UPIC coordination MOU,Annual,Fragmented PI without analytics capacity
MD-20,Module 07 — Medicaid & CHIP Integrity,CHIP Child Core Set / EPSDT reporting & performance evaluation,Detective,7,Monitoring,P16,42 CFR Part 457 (CHIP); GAO-19-481 (2019) - Child Core Set/EPSDT (open rec),REG-038; REG-057,,Yes,Measure reporting,"State Medicaid & CHIP agencies, MCOs/CHIP plans, and their enrolled providers",no,Annual reporting cycle,CHIP / quality office,Child Core Set reporting system,Child Core Set submission + gap analysis,Annual,Children miss required screenings; poor oversight
MD-21,Module 07 — Medicaid & CHIP Integrity,State PI financial management reviews (FMRs)/self-audits completed timely,Detective,7,Monitoring,P16,42 CFR 431.10; GAO-21-17 (2020) - state financial management reviews (open rec),REG-019; REG-058,,Yes,Manual / none,"State Medicaid & CHIP agencies, MCOs/CHIP plans, and their enrolled providers",no,Scheduled FMR / self-audit,Program-integrity office,FMR workpaper system,Completed FMR report + findings log,Per cycle,Untimely reviews leave PI gaps open
MD-22,Module 07 — Medicaid & CHIP Integrity,Incarceration/institutional-status match — suspend claims/capitation during incarceration,Detective,2,Eligibility,P10,"SSA §1905(a)(29)(A); 42 CFR 435.1009–.1010; CMS SHO 16-007/24-004; CAA 2024 (suspend-not-terminate, eff. 1/1/2026)",REG-001; REG-021; REG-044,DS-04,,Roster/claims data match (DOC/jail feeds vs eligibility + paid claims),State agency / MCO / program,no,Monthly DOC/jail roster match vs active eligibility + paid in-home/PCA claims,PI data analyst / eligibility unit,Eligibility system + corrections data feed,Monthly incarceration-match exception report + dispositions,Monthly,PCA/home-care billing while recipient incarcerated (Missouri MFCU 2026 pattern); capitation for incarcerated enrollees
MD-23,Module 07 — Medicaid & CHIP Integrity,"Nursing-facility cost-report rate-setting integrity check — cross-reference self-reported cost data against independent financial-distress indicators (payroll-tax delinquency, vendor/UCC collections, receivership/licensure-action status) before accepting/renewing per-diem rates",Detective,4,Authorization,"P7, P8, P16","42 CFR 447 Subpart C (Payment for Inpatient Hospital & Long-Term Care Facility Services; NF rate reasonableness, SSA §1902(a)(13)(A))",,,,Distress-indicator cross-match,State Medicaid agencies / rate-setting units,no,Facility/owner cost report submitted for per-diem rate-setting,State rate-setting / PI unit,Rate-setting system + state revenue / licensure / court data,Financial-distress screen result attached to each accepted cost report,Each cost-report cycle,Inflated self-reported costs driving overpaid per-diem rates at a financially-distressed facility (Skyline/Schwartz AR 2025 pattern)
MD-24,Module 07 — Medicaid & CHIP Integrity,"Self-directed-care approver-independence control — where a conservator/guardian/authorized representative approves attendant time, require an independent secondary check + relationship/conflict screen (shared address/family/account between representative and attendant) before payment",Preventive,5,Documentation,"P3, P10",42 CFR 441 Subpart G (HCBS §1915(c) waivers) & Subpart K (Community First Choice); 21st Century Cures Act §12006 → SSA §1903(l) (EVV mandate),,DS-13; DS-15; DS-16,,Relationship/identity-overlap screen,State HCBS programs & MCOs (self-directed care),no,Attendant time approved by a beneficiary's conservator/guardian/authorized representative,State HCBS PI / MCO,EVV / claims + representative & attendant registries,Conflict-screen result + representative-approved-claim sampling disposition,Continuous screen + quarterly sample,Representative-approver with a financial tie to the caregiver approving fabricated time (TennCare/Hughlett 2026 pattern)
MD-25,Module 07 — Medicaid & CHIP Integrity,"State-agency systemic-fraud escalation control — documented, time-bound escalation of any detected large-scale/systemic scheme from agency leadership to state AG/MFCU and HHS-OIG, with an independent audit trail evidencing the escalation",Preventive,7,Monitoring,"P1, P15, P16, P17",42 CFR 455.14–.23 (preliminary investigation → MFCU referral → payment suspension); 42 CFR 438.608 (MCO fraud referral),,DS-18,,Manual / none,State Medicaid agencies,no,Detection of a large-scale or systemic fraud scheme at the state Medicaid-agency level,State Medicaid agency leadership + independent auditor,Case-management / referral system + audit trail,Dated escalation record + auditor confirmation,Event-driven + annual attestation,"Detected systemic scheme (e.g., foreign-based mass enrollment) not escalated to law enforcement/oversight (OHCA/OK 2026 pattern)"
MD-26,Module 07 — Medicaid & CHIP Integrity,NEMT unit-of-service / shared-ride integrity edit — flag per-passenger billing of shared trips (each rider billed as a separate trip) and implausible trip distance/frequency,Detective,6,Payment,"P10, P11",42 CFR 440.170(a) (Medicaid transportation benefit; NEMT brokerage §440.170(a)(4); cf. §431.53),,DS-13; DS-15,,Shared-ride / trip-plausibility analytics,State Medicaid agencies & MCOs (NEMT),no,Multiple beneficiaries transported together but billed as separate trips; or implausible trip distance/frequency per beneficiary,PI data analyst / TPL unit,NEMT claims + trip/EVV data,Shared-ride / unit-inflation exception report,Monthly,Per-passenger-as-separate-trip inflation + phantom/implausible trips (Irving NM NEMT 2026 pattern)
PE-20,Module 01 — Provider Enrollment,Synthetic-identity & deepfake identity-proofing at enrollment / high-risk change — liveness & deepfake check on submitted identity documents plus cross-registry consistency (NPPES/PECOS/LEIE/SAM) to catch AI-fabricated provider or beneficiary identities,Preventive,3,Enrollment,"P10, P11",42 CFR 455.410/.436 (Medicaid provider screening); 42 CFR 424.500-.570 (Medicare enrollment & identity); NIST AI RMF Generative AI Profile (synthetic-content risk),,DS-01; DS-02; DS-06,,Liveness/deepfake + registry cross-match,Payers; provider enrollment & credentialing units,no,New enrollment / high-risk info change,Enrollment specialist / credentialing,PECOS / credentialing intake + ID-verification service,Identity-proofing log (liveness result + registry cross-match) per applicant,Per app / high-risk change,AI-fabricated (synthetic or deepfaked) provider/beneficiary identity passing screening
PI-24,Module 02 — Program Integrity,"AI-fabricated-evidence corroboration analytics — treat submitted documentation as a claim to be independently confirmed: verify the service/encounter actually occurred from source-obtained data the submitter does not control (EVV, dispensing, scheduling, cross-payer) rather than from the document itself",Detective,7,Monitoring,"P16, P11",42 CFR 455 Subpart A (Medicaid fraud detection); NIST AI RMF (AI 100-1) + Generative AI Profile (content provenance / corroboration),,DS-15; DS-14; DS-12; DS-13,,Corroboration / cross-source matching,Payers; SIU & program-integrity units,no,Prepayment / post-payment review of high-risk or audit-flagged claims,SIU / program-integrity analytics,Claims + external corroboration feeds,Corroboration-mismatch exception report,Continuous / per review cycle,Payment on AI-generated fabricated documentation that passes visual audit
CD-20,Module 05 — Coverage & Documentation,"AI-generated / altered document & image provenance screening — check content provenance (C2PA / Content Credentials manifests) and file metadata on high-risk supporting documents, audit-response packets, HRAs, certifications and diagnostic images; absent or broken provenance is a triage flag, not proof",Detective,5,Documentation,"P16, P11",NIST AI RMF Generative AI Profile (content provenance); C2PA / Content Credentials specification; builds on CD-07 (copy-forward) & CD-13 (amendment integrity),,,,Provenance/metadata + AI-generation detection,Payers & providers (documentation / HIM),no,Receipt of high-risk supporting documentation / ADR response,HIM / documentation-integrity reviewer,Document-management / intake system,Provenance & metadata screening result per high-risk document,Per high-risk submission,Fabricated or AI-altered documents/images accepted as valid support
AG-01,Module 08 — AI & Analytics Governance,"AI governance to NIST AI RMF + Generative AI Profile — maintain a model inventory with intended-use statements, pre-deployment testing, a human-in-the-loop gate before any adverse action, and incident disclosure for any AI/analytics used in coverage, adjudication or fraud detection (mirrors OIG CIA AI attestation). See Module 08 assessment (G1 adversary / G2 adjudication batteries)",Preventive,1,Governance,"P1, P2, P3 (Control Environment)",NIST AI RMF (AI 100-1) + Generative AI Profile (NIST-AI-600-1); OIG Corporate Integrity Agreement AI provisions,,DS-18,,Governance register / model inventory,Payers & provider orgs using AI/algorithms,no,,,,,,
MC-23,Module 06 — Managed Care (Part C/D),"Two-sided utilization / under-service (stinting) monitoring — under capitation and downside/full financial risk, flag panels whose delivery of guideline-indicated services falls below risk-matched peers given the acuity the entity itself coded (the mirror image of overbilling detection)",Detective,7,Monitoring,"P16, P11",42 CFR 422.208/.210 (physician incentive plan / stinting safeguards); 42 CFR 1001.952(ee)-(gg) VBE safe-harbor anti-stinting conditions,,DS-12; DS-13; DS-15,,Two-sided utilization vs peer benchmark,MA (Part C) & Part D plans; ACO REACH & downside/full-risk VBEs; Medicaid managed care (MC-20),no,Quarterly utilization monitoring under capitation / downside or full risk,SIU / program-integrity analytics,Encounter/claims + risk-score warehouse,Under-service exception report vs risk-matched peer benchmark,Quarterly,Stinting — denial/delay of necessary care to increase capitation margin
MC-24,Module 06 — Managed Care (Part C/D),Favorable-selection detection (cherry-picking / lemon-dropping) — monitor enrollee risk-mix skew versus market and disenrollment timing relative to a member becoming high-cost,Detective,7,Monitoring,"P16, P11",42 CFR 422.110 (non-discrimination / selection); 42 CFR 1001.952 VBE anti-steering conditions; ACO REACH beneficiary-alignment rules,,DS-12; DS-13,,Risk-mix skew + disenroll-timing analytics,MA (Part C) plans; ACO REACH & VBEs; Medicaid managed care,no,Enrollment/disenrollment monitoring cycle,Compliance + actuarial/analytics,Enrollment/disenrollment + risk-score data,Risk-mix skew & disenroll-timing exception report,Quarterly (annual risk-mix),"Favorable selection — recruiting healthy, shedding high-cost members"
MC-25,Module 06 — Managed Care (Part C/D),"VBE anti-kickback safe-harbor guardrail conformance — test each value-based arrangement for an accountable body, a governing document, and the anti-steering / anti-stinting safeguards its safe-harbor tier requires (care-coordination / substantial-downside-risk / full-financial-risk)",Preventive,1,Governance,"P1, P2, P3 (Control Environment)","42 CFR 1001.952(ee),(ff),(gg) (AKS value-based-enterprise safe harbors, eff. 2021); 42 USC 1320a-7b(b); OIG 2026 safe-harbor RFI",,DS-09; DS-16,,Guardrail conformance checklist,VBEs; MA plans; ACOs; participating providers,no,New / renewed value-based arrangement,Compliance + legal,Contract / arrangement repository,Safe-harbor guardrail conformance checklist per arrangement,Per arrangement + annual,Kickbacks/steering/stinting disguised as value-based payment
MC-26,Module 06 — Managed Care (Part C/D),Quality-measure integrity validation — reconcile reported quality-measure numerators that gate shared-savings / bonus payments against independent utilization evidence for a sampled measure set,Detective,7,Monitoring,"P16, P11",42 CFR 422.162-.166 (Star Ratings program); Medicare Shared Savings / ACO quality-gating rules,,DS-12; DS-13,,Numerator corroboration sampling,MA plans; ACOs / ACO REACH; VBEs,no,Quality reporting cycle / bonus gating,Quality + compliance,Quality-measure & utilization data,Measure-numerator reconciliation sample,Annual (per measure set),Quality-metric gaming to unlock shared-savings/bonus
MC-27,Module 06 — Managed Care (Part C/D),Risk-model transition (V24 to V28) acuity-drift monitoring — track coding-pattern and acuity drift across the CMS-HCC model transition against expected impact and isolate the conditions driving disproportionate risk-score gains,Detective,7,Monitoring,"P16, P11",42 CFR 422.308 (risk adjustment); CMS-HCC V28 phase-in; HHS-OIG 2026 Work Plan (V24-vs-V28 comparison),,DS-12,Yes,Acuity-drift / model-delta analytics,MA (Part C) plans / sponsors,no,Risk-adjustment submission cycle during V28 phase-in,Risk-adjustment + compliance analytics,Diagnosis/HCC submission + risk-score data,Acuity-drift / model-delta report,Quarterly,Upcoding masked by model-transition acuity inflation
MC-28,Module 06 — Managed Care (Part C/D),"AI-authored risk-adjustment coding human-oversight attestation — where AI/NLP generates or suggests diagnosis codes for risk-adjustment submission, require a documented, auditable human review-and-sign-off gate before submission (a qualified coder retains/rejects each AI-surfaced HCC with a stated basis), plus periodic back-testing of AI-suggested vs. human-confirmed codes",Preventive,6,Payment,"P11, P16",42 CFR 422.308 (risk adjustment); 42 CFR 422.504(l) (data certification); NIST AI RMF 1.0 + Generative AI Profile (NIST-AI-600-1); OMB M-25-21 (human review of high-impact AI); ACFE 2026 Report to the Nations (MA risk-adjustment AI-without-oversight),,DS-12,No,AI-vs-human coding back-test / sign-off attestation logging,MA (Part C) plans / sponsors; risk-adjustment coding vendors,no,AI/NLP used to generate or suggest diagnosis codes in a risk-adjustment submission cycle,Risk-adjustment coding lead + compliance,NLP/AI coding tool + HCC/diagnosis submission (RAPS/EDS) workflow,Per-submission (or sampled) human sign-off log + AI-vs-human back-test report,Per submission (sampled); back-test quarterly,Unreviewed AI-generated/suggested diagnoses inflate risk scores (AI-enabled upcoding without human oversight)
