ds_id,name,custodian,contents,access_tier,how_to_get,refresh,match_keys,consumed_by,caveats,link
DS-01,OIG List of Excluded Individuals/Entities (LEIE),HHS-OIG,All individuals/entities excluded from federal healthcare programs,PUBLIC-FREE,Monthly CSV download + online search API,Monthly,"NPI, name+DOB, EIN","PE screening (monthly LEIE/SAM); C-02; MC-12, MD-04, PE-07 (v1.1 ID-link)",Name matching needs fuzzy logic; verify hits against full record before action,https://oig.hhs.gov/exclusions/
DS-02,SAM.gov Exclusions (formerly EPLS),GSA,Government-wide debarments/exclusions,PUBLIC-FREE,Data extracts + API (api.sam.gov),Daily/continuous,"Name, DUNS/UEI, EIN","PE screening; vendor/FDR screening (MC-11); MC-12, MD-04, PE-04, PE-07 (v1.1 ID-link)",Broader than healthcare; classification codes matter,https://sam.gov/
DS-03,SSA Death Master File (DMF),SSA via NTIS,Death records for benefit/payment matching,RESTRICTED,NTIS certification + subscription; states often have direct SSA matches,Weekly/monthly,"SSN, name+DOB",MD-08 deceased-enrollee; deceased-provider checks; MD-04 (v1.1 ID-link),Full file restricted since 2011; state vital-records matches supplement; false positives on common names,https://dmf.ntis.gov/
DS-04,"State DOC + county jail rosters (""jail feeds"")",State corrections depts; county sheriffs,Incarceration status/booking data,MIXED (public rosters to formal data-sharing agreements),State DOC offender search/bulk files; county integrations vary; some states run centralized justice-data matches,Daily-monthly (varies),"Name+DOB, SSN where shared",MD-22 incarceration-status match (NEW),County coverage is the weak spot - prioritize state DOC + largest counties; CAA 2024 suspend-not-terminate (eff. 1/1/2026) makes this match load-bearing,state DOC sites / justice data-sharing MOUs
DS-05,PARIS (Public Assistance Reporting Information System),HHS ACF,Interstate matches of public-assistance enrollment (incl. Medicaid) + VA/federal payroll files,RESTRICTED (state agencies),State PARIS participation via ACF; quarterly match files,Quarterly,SSN,MD-07 interstate duplicate matching,State-agency only; quarterly lag; match resolution workflow is on you,https://www.acf.hhs.gov/paris
DS-06,NPPES (NPI Registry),CMS,"All NPIs with provider demographics, taxonomy, addresses",PUBLIC-FREE,Full monthly file + weekly updates + API,Weekly,NPI,Enrollment verification; ordering/referring validation; network analysis input (PE-05); PI-20 footprint consistency (v1.2 ID-link),Self-reported fields go stale; addresses lag reality,https://npiregistry.cms.hhs.gov/
DS-07,Medicare Order & Referring / PECOS enrollment files,CMS,Providers eligible to order/refer; enrollment status,PUBLIC-FREE,cms.gov data files,Weekly/monthly,NPI,"Order-validity checks (C-04/C-05); enrollment status verification; PE-01, PE-02, PE-06, PE-14 (v1.1 ID-link); PI-20 footprint consistency (v1.2 ID-link)",Medicare-scope; state Medicaid enrollment is separate,https://data.cms.gov/
DS-08,CMS Preclusion List,CMS,Providers precluded from MA/Part D payment,RESTRICTED (plans),Distributed to MA/Part D plans via HPMS,Monthly,"NPI, name",MC payment screening,Plan-only access; not public,via HPMS
DS-09,CMS Open Payments,CMS,Industry payments to physicians/teaching hospitals (COI/kickback indicator),PUBLIC-FREE,Bulk downloads + search,Annual + updates,"NPI, name",C-06 kickback/COI screen of referral relationships; PI-23 MSO/investment-kickback correlation (v1.2 ID-link),"Disclosure data, not wrongdoing; use as risk indicator only",https://openpaymentsdata.cms.gov/
DS-10,NCCI PTP edits + MUE files,CMS,Procedure-to-procedure and units-of-service edit tables,PUBLIC-FREE,Quarterly files,Quarterly,HCPCS/CPT pairs,"CB coding-edit controls; pre-payment edits; CB-04, CB-06, CB-07 (v1.1 ID-link)",Version discipline matters (currently v322r0 eff. 7/1/2026 per update monitor); Medicaid NCCI differs slightly,https://www.cms.gov/medicare/coding-billing/ncci-medicare
DS-11,DMEPOS Master List + Required Prior Authorization List,CMS,Items subject to PA/face-to-face requirements,PUBLIC-FREE,Federal Register notices + CMS pages,Periodic,HCPCS,PA-gate controls (Module 04); PA-02 (v1.1 ID-link),Effective dates matter; last known update eff. 4/13/2026 (+18 codes),https://www.cms.gov/
DS-12,Medicare utilization PUFs (provider/service level),CMS,Aggregate billing by provider/service for peer benchmarking,PUBLIC-FREE,data.cms.gov downloads,Annual,"NPI, HCPCS","Peer-outlier benchmarking (PI-01, coding-intensity, C-07)","1-2 year lag; aggregate only - directional benchmarks, not cases",https://data.cms.gov/
DS-13,T-MSIS / TAF research files,CMS via ResDAC,Medicaid/CHIP claims + eligibility analytic files,RESTRICTED,ResDAC application (research); states have own MMIS data,Annual (TAF),beneficiary/provider IDs (encrypted),"State-level analytics controls (Module 07); MD-08, MD-16 (v1.1 ID-link); PI-20/21/22/23 program-integrity analytics, MD-24 self-directed, MD-26 NEMT (v1.2 ID-link)",Heavy access process; states should use their own MMIS first,https://resdac.org/
DS-14,State PDMP (prescription drug monitoring),State boards/agencies,Controlled-substance dispensing history,RESTRICTED (role-based),Prescriber/pharmacy/plan access per state law; PMP InterConnect for interstate,Near-real-time,"Patient, prescriber DEA/NPI",C-03 opioid prescribing-pattern review,Access rules vary sharply by state and role,state PDMP portals
DS-15,EVV system data (21st Century Cures mandate),State EVV vendors/aggregators,Electronic visit verification: who/what/when/where for personal care + home health,RESTRICTED (program participants),State EVV aggregator exports,Near-real-time,"Visit ID, attendant ID, member ID, GPS/time","C-08 EVV reconciliation; impossible-day checks; MD-24 self-directed EVV, MD-26 NEMT trip data (v1.2 ID-link)","Verifies the ATTENDANT, not the recipient status - pair with DS-03/DS-04 matches (Missouri lesson)",state EVV aggregator
DS-16,"State SOS business registries + ownership-disclosure sources (CMS/state disclosure, SAM.gov entity, PECOS)",State Secretaries of State; SAM.gov (Entity); CMS/state ownership-disclosure filings; PECOS  [FinCEN BOI RETIRED 2026-08-14],"Entity officers, registered agents, formation dates, addresses",MIXED,SOS searches/bulk (varies); SAM.gov entity search/extract; CMS 42 CFR 455.104/.105/.106 + 424.519 & state ownership-disclosure filings; PECOS enrollment record; LEIE/SAM cross-match. (FinCEN BOI RETIRED 2026-08-14 - final rule FR 2026-16576 ended BOI reporting for U.S.-formed entities; no longer available as a corroboration source.),Varies,"Entity name, officers, addresses","PE-04/05 ownership verification + network analysis; PE-16 acquisition velocity; PE-03 (v1.1 ID-link); PI-21/22/23 entity-network & ownership, MD-24 relationship overlap (v1.2 ID-link)","Cross-state assembly is manual; shared address/agent is signal not proof. FinCEN BOI RETIRED 2026-08-14 (FR 2026-16576) - no longer an independent corroboration source; ownership corroboration re-pointed to CMS/state ownership-disclosure filings (primary), SAM.gov entity, state SOS registries, and PECOS/424.519. Evidence ceiling (Rule 12): self-reported ownership disclosure = push-provenance ceiling 2 unless registry-cross-matched (then 3).",state SOS sites; sam.gov; pecos.cms.hhs.gov; ecfr.gov/current/title-42/section-455.104
DS-17,Provider revocation/termination lists (Medicare revocations; state Medicaid terminations),CMS; state agencies,Revoked/terminated providers (for-cause),MIXED,CMS lists; state Medicaid termination files; cross-state sharing via T-MSIS/portals,Monthly,"NPI, name",PE re-screening; MD-01 risk-based screening,42 CFR 455.416 requires state action on other-state terminations,cms.gov / state sites
DS-18,DOJ/OIG/GAO enforcement + oversight feeds,"DOJ, HHS-OIG, GAO (via PIA Connect)",Enforcement actions and oversight findings,PUBLIC-FREE,Automated daily harvest (this project) via PIA Connect MCP + web,Daily,n/a (learning layer),"Feeds Control-Failure Learnings + Diagnosis Matrix priorities - the ""model learning"" loop; MD-25 systemic-fraud escalation (v1.2 ID-link)","Allegations until adjudicated; the more cases coded, the sharper the priorities",justice.gov / oig.hhs.gov / gao.gov
