flag_family,signals,implied_scheme,stage,control_fixes,first_artifact,evidence,priority,diagnostic_inputs,failure_mode_fix
Upcoding / coding-intensity outlier,E&M level creep; modifier abuse; peer-percentile spikes,Upcoding / E&M; MA risk adjustment,6 Adjudication/Payment,C-07 Claims Billing - coding-intensity outlier report vs peer baseline (Mod 03/06),Quarterly coding-outlier report + workpapers,21 cases / $0.2B (+50 MA-RA / $2.0B),High,1) Provider/service in scope for outlier review? 2) Peer-baseline coding-intensity report designed? 3) Run for the period & outliers worked (report + workpapers)? 4) Flagged outliers dispositioned with rationale? 5) Ran but this pattern missed = peer-group/threshold gap.,Absent: no outlier report -> build C-07. Not operating: not run/worked -> schedule + owner. Bypassed: outliers cleared no rationale -> require documented disposition. Ineffective: peer group/threshold loose -> re-tune.
Risk-adjustment diagnosis anomaly,Unsupported HCC adds; chart-review adds with no deletes; addenda-driven codes,MA risk adjustment,6 Adjudication/Payment,C-01 MA-RA independent chart re-review; MC-05 two-directional chart review (Mod 06),Add/delete reconciliation report per RA project,50 cases / $2.0B,High,1) RA project/provider in scope for chart validation? 2) Independent two-directional (adds+deletes) chart review designed? 3) Performed for the submission (add/delete reconciliation)? 4) Unsupported HCCs withdrawn/dispositioned? 5) Ran but deletes not submitted = one-directional design flaw.,Absent: no independent validation -> build C-01/MC-05. Not operating: no reconciliation for the project -> schedule per RA cycle. Bypassed: unsupported adds kept -> enforce withdrawal. Ineffective: adds-only review -> require two-directional.
Phantom billing - services not rendered,Billing with no visit/encounter footprint; patient denies service,Services not rendered (multiple categories),5 Delivery/Documentation,C-05 service-delivery validation; C-08 EVV reconciliation (Mod 02/05),Billed-vs-EVV (or visit-log) variance report,105+ cases / $1.5B+,High,1) Service EVV/visit-verifiable & in scope? 2) Billed-vs-delivered (EVV/visit-log) reconciliation designed? 3) Run for the period (variance report)? 4) Variances investigated/recouped? 5) Ran but no-footprint claims missed = match-logic/source-coverage gap.,Absent: no delivery validation -> build C-05/C-08. Not operating: no variance report -> operationalize. Bypassed: variances not worked -> disposition SLA. Ineffective: match logic misses -> widen source coverage.
Impossible-day / overlapping-visit volume,>24 hrs/day billed; simultaneous visits; geographic impossibility,Personal care / home care; PT,5 Delivery + 7 Monitoring,C-08 EVV visit verification + impossible-combination pattern monitor (Mod 02/05),"EVV exception log, worked monthly",53 cases / $0.4B (+38 PT/chiro),High,1) Provider type EVV-covered & in scope? 2) Impossible-day/overlap monitor designed on EVV data? 3) EVV exception log produced & worked monthly? 4) Impossible-day exceptions dispositioned? 5) Ran but no overlap/geo rule = rule-logic gap.,Absent: no EVV/overlap monitor -> build C-08. Not operating: exception log not worked -> monthly cadence + owner. Bypassed: exceptions closed no-action -> require rationale. Ineffective: no overlap/geo rule -> add the rule.
Prior authorization absent or bypassed,Claim paid with no PA/UTN on file for a PA-required code,DME; wound care; lab,4 Authorization,C-04/C-07 claim-to-PA match edit (pend if no PA) (Mod 04),PA-to-claim exception report,98 DME / $2.8B,High,1) Code on the applicable PA / Master List (scope)? 2) Claim-to-PA match edit configured (design)? 3) Edit ran / PA-to-claim exception report exists (operation)? 4) Claim manually overridden/force-paid without PA (override log)? 5) Edit ran but code not in its list = coverage gap.,Absent: no match edit -> build C-04. Not operating: edit disabled/not run -> enable + monitor. Bypassed: override without PA -> require override sign-off + reason. Ineffective: PA code set incomplete -> update the required-PA list.
High-cost product/service spike,"Skin substitutes, genetic panels, specialty DME surges; max-size units",Wound care / amniotic allograft; telemed-genetic,4 Authorization,C-07/C-09 pre-payment medical-necessity gate + physician attestation of personal evaluation (Mod 04/05),Signed attestation on file per high-$ order,149 cases / $13.5B combined,High,1) High-$ item in the necessity-gate/attestation scope? 2) Pre-payment necessity gate + physician-attestation requirement designed? 3) Ran (attestation-on-file check for the period)? 4) Missing-attestation claims paid via override? 5) Ran but item outside gate scope = scope gap.,Absent: no necessity gate -> build C-07/C-09. Not operating: attestation not enforced -> turn on the check. Bypassed: paid without attestation -> pre-pay hold. Ineffective: item outside gate scope -> extend the list.
Deceased or ineligible beneficiary on claim,DOS after date of death; coverage lapse; wrong program,Eligibility exploitation,2 Eligibility,MD-08 deceased-enrollee/DMF check; MD-22 incarceration/institutional-status match (NEW 2026-07); MD-06 eligibility verification (Mod 07); extend Medicare-side per evaluation,Monthly DMF-match exception report,Cross-cutting (Gold Rush mechanic #2),High,1) Program in scope for DMF/eligibility/incarceration matching? 2) Match controls designed? 3) Monthly match run (DMF-match exception report)? 4) Post-DOD/ineligible claims recouped/dispositioned? 5) Ran but source (DMF/incarceration file) stale = data-currency gap.,Absent: no DMF/eligibility match -> build MD-08/MD-06/MD-22. Not operating: not run monthly -> schedule. Bypassed: hits not recouped -> recovery SLA. Ineffective: stale match source -> refresh feed cadence.
Beneficiary-identity anomalies,Many beneficiaries new to provider; out-of-area clustering; ID-theft complaints,Telemarketing / stolen identities,2 Eligibility + 4 Authorization,"C-04 beneficiary contact verification before payment, tiered by $ and velocity (Mod 04)",Contact-confirmation log for high-$ claims,Feeds DME/telemed mega-schemes ($10.6B Gold Rush),High,1) Claim above the $/velocity threshold for contact verification (scope)? 2) Tiered beneficiary-contact verification designed? 3) Performed (contact-confirmation log)? 4) Unverified high-$ claims paid anyway? 5) Ran but threshold too high = tiering gap.,Absent: no contact verification -> build C-04. Not operating: log not maintained -> operationalize. Bypassed: paid before confirmation -> pre-pay hold on tier. Ineffective: threshold misses cluster -> lower / tie to velocity.
Ownership-network hit,Shared addresses/officers/bank accounts; nominee patterns,Provider enrollment / nominee / TCO,3 Enrollment,PE-05 ownership network/graph analysis; PE-16 acquisition-velocity flag; PE-14 revalidation + auto-deactivation (Mod 01),Network-link alert disposition log,47 cases / $1.5B (tail: $10.6B),High,1) Provider in a screening tier requiring network analysis (scope)? 2) Ownership network/graph analysis designed? 3) Run & alerts dispositioned (link-alert log)? 4) Network hits cleared without action? 5) Ran but nominee/shared-account signals not modeled = feature gap.,Absent: no network analysis -> build PE-05. Not operating: alerts not worked -> disposition SLA. Bypassed: hits cleared no-action -> require rationale + escalation. Ineffective: signals missing -> add shared-address/account/officer features.
New-provider billing surge,Rapid ramp shortly after enrollment/ownership change,Enrollment exploitation,3 Enrollment + 7 Monitoring,PE-16 + new-provider claim-volume monitoring (emergency-floor control set),New-provider volume watchlist report,47 cases + COVID-era pattern,High,1) Provider within the post-enrollment watch window (scope)? 2) New-provider volume watchlist designed? 3) Watchlist produced & worked? 4) Surges dispositioned? 5) Ran but ramp threshold too loose = threshold gap.,Absent: no new-provider watch -> build PE-16 monitor. Not operating: watchlist not produced -> schedule. Bypassed: surges not reviewed -> assign owner. Ineffective: ramp threshold loose -> tighten.
Excluded / deactivated provider billing,LEIE/SAM hit post-enrollment; revoked elsewhere,Screening lapse,3 Enrollment,C-02/PE monthly LEIE+SAM screening with ownership-change re-screen (Mod 01),Dated monthly screening log + hit resolution,Cross-cutting; minimum standard,High,1) Provider/owner in the screened population (scope)? 2) Monthly LEIE+SAM re-screen incl. ownership-change designed? 3) Dated monthly screening log with hit resolution? 4) Paid despite an exclusion hit (override)? 5) Ran but ownership-change re-screen not triggered = trigger gap.,Absent: no re-screening -> build C-02. Not operating: no monthly log -> schedule + owner. Bypassed: paid despite hit -> payment hold on hit. Ineffective: no ownership-change trigger -> add re-screen trigger.
Referral-concentration / kickback pattern,One-to-one referral dependence; Open Payments correlation; marketer involvement,Kickbacks (Stark/AKS),6 Payment,C-06 COI/Open Payments screen of top referral relationships (Mod 06),Annual COI review memo + relationship map,186 cases / $2.2B,High,1) Referral relationship in scope for COI screening? 2) COI/Open-Payments referral screen designed? 3) Annual COI review + relationship map produced? 4) Flagged relationships dispositioned? 5) Ran but marketer/AKS correlation not modeled = coverage gap.,Absent: no COI screen -> build C-06. Not operating: no annual review -> schedule. Bypassed: relationships not dispositioned -> require review memo. Ineffective: pattern coverage -> add Open-Payments correlation.
Hospice/home-health eligibility anomalies,"Long stays, live-discharge rates, non-terminal enrollment signals",Hospice / home health,2 Eligibility + 5 Delivery,C-08 hospice eligibility re-verification at election + cadence; EVV for HH visits (Mod 05),Eligibility re-cert worksheet sample,96 cases / $2.8B,High,1) Beneficiary in a hospice/HH cohort in scope? 2) Election/eligibility re-verification (+EVV for HH) designed? 3) Re-cert performed (worksheet sample)? 4) Non-terminal/long-stay cases dispositioned? 5) Ran but live-discharge/LOS signals not tested = rule gap.,Absent: no re-verification -> build C-08. Not operating: no re-cert cadence -> schedule. Bypassed: long-stays not reviewed -> assign review. Ineffective: signals not tested -> add live-discharge/LOS rules.
Controlled-substance prescribing outlier,Pill volume/MME outliers; cash-pay clustering; distance-to-prescriber,Opioid / pharmacy diversion,7 Monitoring,C-03 PDMP-integrated prescribing-pattern review (Mod 03/07),Quarterly outlier-prescriber report + dispositions,244 cases / $2.2B (highest count),High,1) Prescriber/drug in scope for PDMP review? 2) PDMP-integrated outlier review designed? 3) Quarterly outlier report produced + dispositions recorded? 4) Outliers cleared without action? 5) Ran but MME/cash-pay/distance signals absent = feature gap.,Absent: no PDMP review -> build C-03. Not operating: no quarterly report -> schedule. Bypassed: outliers cleared no-action -> require disposition. Ineffective: signal coverage -> add MME/distance/cash-pay.
Lab/UDT panel stacking,Quantitative confirms without screens; identical panels for all patients,Lab / urine drug testing; compounding analog,4 Authorization,C-09 lab/genetic prior-auth + high-$ panel medical-necessity review (Mod 03); CB-16 same-sample presumptive+definitive UDT code-pair edit (CPT 80307 + HCPCS G0483) (Mod 03),PA/necessity decision record per panel,142 cases / $2.9B (lab+compounding),Med,1) Panel/test in the PA/necessity scope? 2) PA + high-$ panel necessity review designed? 3) PA/necessity decision record produced per panel? 4) Stacked panels paid without review? 5) Ran but confirm-without-screen rule absent = rule gap.,Absent: no lab PA/necessity -> build C-09. Not operating: no decision record -> operationalize. Bypassed: paid without review -> pre-pay hold. Ineffective: add reflex / confirm-without-screen rule.
Telehealth encounter anomalies,No prior patient relationship; out-of-state clusters; seconds-long encounters,Telemedicine order mills,4 Authorization,C-05 physician-patient relationship verification + telemedicine prescribing controls (Mod 03/04),Encounter-verification sample workpapers,129 cases / $11.0B (largest $),High,1) Encounter in the telehealth cohort in scope? 2) Relationship + telemed-modality verification designed? 3) Encounter-verification workpapers produced? 4) No-relationship encounters dispositioned? 5) Ran but seconds-long/out-of-state signals not tested = rule gap.,Absent: no telehealth verification -> build C-05. Not operating: no sampling -> schedule. Bypassed: exceptions not worked -> assign. Ineffective: add duration/geo/relationship rules.
Documentation-deficiency pattern,Denial/error concentrations for insufficient documentation,Documentation integrity (CERT/PERM top cause),5 Documentation,C-07 pre-payment documentation completeness check on error-prone services (Mod 05),Completeness checklist in claim file,~77% of Medicaid PERM improper payments,Med,1) Service error-prone & in the completeness-check scope? 2) Pre-payment documentation completeness check designed? 3) Checklist applied (in claim file)? 4) Incomplete claims paid via override? 5) Ran but error-prone service not covered = scope gap.,Absent: no completeness check -> build C-07. Not operating: checklist not applied -> enforce. Bypassed: paid incomplete -> pre-pay hold. Ineffective: extend to the error-prone service set.
Duplicate / COB overlap,Same service paid by two programs/states; interstate duplicates,Managed care / eligibility,6 Payment,MD-07 PARIS interstate match; COB overlap analytics (Mod 07),PARIS/COB exception report,Module 07 evidence base,Med,1) Member in a multi-program/interstate scope? 2) PARIS/COB overlap matching designed? 3) PARIS/COB exception report produced? 4) Duplicates recouped/coordinated? 5) Ran but interstate/COB source missing = coverage gap.,Absent: no COB/PARIS match -> build MD-07. Not operating: no exception report -> schedule. Bypassed: duplicates not recouped -> recovery SLA. Ineffective: add interstate/COB feeds.
Emergency/waiver-period code spike,Surges in waiver-billed codes; relaxed-enrollment cohort anomalies,COVID-19 / emergency program pattern,1 Governance + 6 Payment,Emergency minimum-control floor (board-approved) + waiver-code anomaly watch (Mod 02),Board-approved PI floor policy + watch report,113 cases / $1.9B,Med,1) Cohort under an emergency/waiver period in scope? 2) Board-approved emergency PI floor + waiver-code watch designed? 3) Watch report produced during the waiver period? 4) Spikes dispositioned? 5) Ran but relaxed-enrollment cohort not tracked = scope gap.,Absent: no emergency floor -> adopt board-approved PI floor. Not operating: no watch report -> stand up during waivers. Bypassed: spikes not reviewed -> assign. Ineffective: add relaxed-enrollment cohort tracking.
Synthetic/cloned record indicators,Template/cloned notes; AI-fabricated consent; records post-dating billing,Information-integrity compromise,5 Documentation,Authenticity verification for consent/records + AI-content detection in monitoring (Mod 05/06),Authenticity-check procedure + sample results,$0.8B incl. $703.8M AI-consent case,Med,1) Record type/service in the authenticity-check scope? 2) Consent/record authenticity + AI-content check designed? 3) Authenticity procedure applied (sample results)? 4) Cloned/fabricated records dispositioned? 5) Ran but clone/post-date/AI signals not tested = rule gap.,Absent: no authenticity check -> build it. Not operating: no sampling -> schedule. Bypassed: flagged records not worked -> assign. Ineffective: add clone/post-date/AI-content detection.
Provider-identity / NPI-footprint mismatch,"Billing NPI's service location, billing TIN, or claim geography inconsistent with the provider's enrollment address / historical claims geography / self-attested employer",Legitimately-enrolled NPI billed by an unrelated party for services the named provider never rendered (NPI misappropriation),6 Payment (with a stage-3 enrollment tie-in),PI-20 Provider NPI/credential-footprint consistency monitoring (Mod 02),Footprint-inconsistency alert log + dispositions (enrollment-vs-claims join),SC 'Operation Border War' 2025 (alleged ~$21M; NPI misappropriation),High,Enrollment-vs-claims footprint reconciliation logs; NPI/TIN/geography exception dispositions,Provider identity misappropriated -> continuous footprint-consistency analytics on claims+enrollment
Beneficiary-side integrity (recruiter-cluster / roster overlap),Recipient enrollment clustered by a common recruiter; staff/owner identity appearing on the member roll as a service recipient,Beneficiary as paid participant - cash-bribe enrollment / employee-as-recipient of their own entity's services,3 Enrollment / 7 Monitoring,PI-21 Beneficiary-side integrity analytics (Mod 02),Recruiter-cluster + roster-overlap exception report + dispositions,Zhu SADC 2026; Irving NEMT 2026 (alleged),High,Enrollment+claims+HR-roster join exception log; recruiter-cluster dispositions (no PHI),No beneficiary-side / roster-overlap control -> recruiter-clustering + identity-overlap analytics
Entity-network cash-loop,Provider/payee network with circular or layered inter-entity transfers inconsistent with legitimate operations,Laundering entities recycling claim proceeds into cash used to induce recipients/providers,7 Monitoring,PI-22 Entity-network cash-loop detection (Mod 02),Entity-network transfer-pattern alert + dispositions,Zhu SADC self-funding loop 2026 (alleged),High,Claims+payment+ownership/entity network graphs; flagged transfer-pattern dispositions,No follow-the-money control -> entity-network / money-flow analytics
MSO / investment-disguised kickback,Physician/investor referral volume correlated with MSO 'investment distributions' or ownership stakes; inducements invisible at transaction level,Kickbacks structured as MSO investment returns to evade referral-payment detection,7 Monitoring,PI-23 MSO/investment-disguised kickback detection (Mod 02),MSO-distribution-vs-referral-volume correlation report (Open Payments + ownership),Boston Heart (alleged >$61M in DOJ settlements since 2019),High,Referral-volume vs Open-Payments/ownership correlation output; COI-disclosure completeness,Ownership captured but not investment-return-disguised inducement -> Open Payments/ownership correlation
Ancillary / wrap-around fund disbursement anomaly,"Discretionary fund disbursements (gift cards, housing/home-safety support) to employee-linked names/addresses; single-approver processing",Employee with sole processing authority routing discretionary funds to self/family,6 Payment (non-claims disbursement),MC-22 Ancillary/wrap-around fund disbursement SoD (Mod 06),Dual-approval record + recipient-pattern review log,CareOregon HRSF 2026 (guilty plea 2026-02-25),Med,Disbursement dual-approval records; employee-linked recipient-pattern review (no PHI),Sole disbursement authority -> independent second-approver + recipient-relationship cross-check
NF cost-report / rate-setting anomaly,"Self-reported facility cost data inconsistent with independent financial-distress indicators (payroll-tax delinquency, vendor/UCC collections, receivership/licensure action)",Inflated self-reported costs driving overpaid per-diem rates at a financially-distressed facility,4 Authorization (rate acceptance),MD-23 Nursing-facility cost-report rate-setting integrity check (Mod 07),Financial-distress screen result attached to each accepted cost report,Skyline/Schwartz AR 2025 (alleged cost overstatement ~$6.3M; ~$3.6M overpaid; $1.8M restitution),Med,Cost-report-vs-distress-indicator screen outputs; accepted-rate exception log,Rate set on unverified self-reported costs -> distress-indicator cross-match before rate acceptance
Self-directed-care approver-conflict,Attendant time approved by a beneficiary's conservator/guardian/representative who shares address/family/account with the attendant,Representative-approver with a financial tie to the caregiver approving fabricated time,5 Documentation,MD-24 Self-directed-care approver-independence control (Mod 07),Conflict-screen result + representative-approved-claim sampling disposition,TennCare / Hughlett 2026 (alleged),Med,Representative-attendant relationship/identity-overlap screen; approved-claim sampling results (no PHI),Representative approves without independent check -> secondary check + relationship/conflict screen
NEMT shared-ride / unit inflation,Multiple beneficiaries transported together but billed as separate trips; implausible trip distance/frequency per beneficiary,Per-passenger-as-separate-trip inflation + phantom/implausible trips,6 Payment,MD-26 NEMT unit-of-service / shared-ride integrity edit (Mod 07),Shared-ride / unit-inflation exception report (NEMT claims + trip/EVV data),Irving NM NEMT 2026 (alleged),Med,Shared-ride overlap + trip-plausibility exception outputs; TPL/EVV reconciliation logs,No NEMT unit-of-service edit -> shared-ride + trip-plausibility analytics
Systemic / agentic mass-fraud (agency escalation),"Detection of a large-scale or systemic scheme at the state-agency level (e.g., thousands of enrollments, foreign-based mass-enrollment ring)",Systemic scheme detected but not escalated to law enforcement / oversight,7 Monitoring / program governance,MD-25 State-agency systemic-fraud escalation control (Mod 07),Dated escalation record + independent-auditor confirmation,OHCA / OK 2026 (alleged foreign-based mass enrollment),High,Escalation/referral audit trail; auditor confirmation of time-bound escalation,"No escalation duty -> documented, time-bound escalation to AG/MFCU + HHS-OIG with audit trail"
